country,co2,consumption_co2,co2_growth_prct,co2_growth_abs,trade_co2,co2_per_capita,consumption_co2_per_capita,share_global_co2,cumulative_co2,share_global_cumulative_co2,co2_per_gdp,consumption_co2_per_gdp,co2_per_unit_energy,coal_co2,cement_co2,flaring_co2,gas_co2,oil_co2,other_industry_co2,cement_co2_per_capita,coal_co2_per_capita,flaring_co2_per_capita,gas_co2_per_capita,oil_co2_per_capita,other_co2_per_capita,trade_co2_share,share_global_cement_co2,share_global_coal_co2,share_global_flaring_co2,share_global_gas_co2,share_global_oil_co2,share_global_other_co2,cumulative_cement_co2,cumulative_coal_co2,cumulative_flaring_co2,cumulative_gas_co2,cumulative_oil_co2,cumulative_other_co2,share_global_cumulative_cement_co2,share_global_cumulative_coal_co2,share_global_cumulative_flaring_co2,share_global_cumulative_gas_co2,share_global_cumulative_oil_co2,share_global_cumulative_other_co2,total_ghg,ghg_per_capita,methane,methane_per_capita,nitrous_oxide,nitrous_oxide_per_capita,population,gdp,primary_energy_consumption,energy_per_capita,energy_per_gdp
Afghanistan,192.851,,1156.94,12.144,,9.525,,0.7,3754.107,0.42,7,,7.483,60.41,2.505,5.956,20.152,103.834,,0.17,2.461,0.474,1.288,5.119,,,0.63,0.55,2.27,0.54,1.05,,86.771,819.626,133.89,583.169,2016.868,,0.63,0.05,1.75,0.49,0.63,,879.47,33.154,643.03,23.789,128.44,5.337,1230725448,1.48104E+12,598.77,31015.215,16.827
Africa,47610.749,22120.671,1457.81,1326.018,-8892.489,110.011,23.571,240.59,1205270.387,145.43,27.77,7.115,18.802,20304.715,1862.329,2786.571,5948.868,16708.257,,2.575,71.646,4.527,6.601,24.661,,-872.39,319.95,262.86,948,114.39,191.97,,36295.408,623735.5,76939.322,88346.331,379953.826,,255.77,145.09,759.79,58.23,122.42,,,,,,,,54933994670,,152425.517,203060.376,
Albania,285.504,143.572,1619.03,4.523,29.578,111.049,47.527,1.49,9250.244,1.04,26.324,7.158,4.68,66.963,19.479,,16.602,182.455,,7.065,24.946,,6.288,72.753,,807.19,3.43,0.89,,0.67,2.93,,438.24,2457.461,,634.64,5701.052,,2.73,0.43,,0.73,2.34,,234.52,76.612,95.54,31.116,33.11,10.796,199750816,8.64813E+11,1346.745,447400.179,94.705
Algeria,4587.133,,1801.74,154.992,,162.607,,18.24,95820.242,8.76,26.904,,17.144,116.452,229.285,588.662,2062.655,1590.075,,7.684,6.231,25.31,66.064,57.322,,,33.66,1.6,211.33,43.5,17.05,,4081.35,4060.633,17941.796,36112.189,33494.461,,24.1,0.95,171.72,25.75,9.81,,3833.79,115.537,1071.5,32.321,197.69,5.917,1893385670,1.17079E+13,15972.978,536096.282,49.988
Andorra,15.072,,15.36,0.059,,209.122,,0,236.074,0,,,,,,,,15.072,,,,,,209.122,,,,,,,0.07,,,,,,236.074,,,,,,0,,13.51,189.24,1.03,14.054,0,0,2252151,,,,
Angola,682.264,,779.21,22.007,,40.359,,2.49,11431.576,0.98,20.239,,11.31,1.601,26.908,288.531,40.782,324.441,,1.675,0.3,16.102,2.335,19.948,,,3.67,0,88.87,0.83,3.3,,447.257,22.125,4534.943,701.545,5650.471,,2.82,0,36.59,0.45,1.59,,4682.31,258.485,1320.63,72.545,541.49,30.248,911999116,2.61683E+12,1621.135,89399.83,42.719
Anguilla,3.421,,99.05,0.072,,273.172,,0,45.869,0,,,,,,,,3.421,,,,,,273.172,,,,,,,0,,,,,,45.869,,,,,,0,,,,,,,,378389,,,,
Antarctica,0.157,,258.33,0.009,,,,0,1.844,0,,,,,,,,0.157,,,,,,,,,,,,,0,,,,,,1.844,,,,,,0,,,,,,,,,,,,
Antigua and Barbuda,21.528,,735.14,0.408,,301.339,,0.02,637.616,0,,,5.116,,,,,21.528,,,,,,301.339,,,,,,,0.12,,,,,,637.616,,,,,,0,,21.44,262.54,4.77,60.389,0.59,7.541,4510619,,80.504,1067485.233,
Argentina,8431.212,4551.437,707.2,155.9,-163.429,299.431,116.846,53.06,263218.871,37.79,26.54,7.187,11.782,537.44,197.059,184.483,2868.907,4643.327,,6.643,45.337,6.006,79.61,161.828,,-103.79,70.99,14.35,72.96,81.58,88.98,,6148.888,38586.473,6038.62,55983.237,156440.788,,73.65,15.08,60.11,58.6,80.2,,11042.71,288.88,3240.6,85.519,1157.39,30.428,2732500273,3.19231E+13,33732.49,983333.005,62.871
Armenia,383.328,146.461,1931.77,5.889,8.577,151.092,48.483,2.66,14305.162,2.08,8.771,6.32,2.755,43.764,14.83,2.151,157.335,165.259,,5.252,22.645,0.695,53.022,69.473,,263.19,3.74,0.77,0.84,4.64,9.78,,447.151,2283.882,24.149,3774.324,7494.017,,3.61,0.64,0.37,3.77,10.81,,244.55,78.368,65.39,21.195,20.72,6.81,290585938,1.01057E+12,962.287,316838.037,69.289
Aruba,75.918,,900.14,0.64,,974.313,,0.38,2353.826,0,,,11.057,,,,,75.918,,,,,,974.313,,,,,,,1.49,,,,,,2353.826,,,,,,1.17,,,,,,,,5164938,,126.209,1380288.66,
Asia,532916.151,359879.452,2893.99,20316.595,-29180.338,158.352,89.023,2371.25,11217790.33,1258.41,45.301,11.625,15.381,281003.765,26509.177,6377.149,57253.251,156292.3,5480.506,7.02,85.605,2.183,14.851,47.153,1.533,-205.98,3468.25,2955.53,2271.19,1189.54,2313.32,3953.97,424798.941,6006156.197,197704.093,872707.808,3608791.114,107632.186,2362.32,1259.25,2192.82,669.74,1733.92,3222.77,,,,,,,3.26076E+11,,,,
Asia (excl. China & India),242935.659,161525.617,2130.89,7207.317,-1621.054,221.127,107.288,1199.73,5964596.474,714.1,50.475,9.692,14.503,68550.832,9228.998,6180.302,48790.942,109432.083,752.498,7.366,76.582,5.842,34.084,96.766,0.502,-23.23,1628.95,868.79,2190.97,1041.15,1775.05,301.39,199090.053,1983494.821,191601.104,778291.239,2800994.361,11124.896,1377.36,479.89,2134.53,608.66,1434.27,187.2,,,,,,,,,,,
Australia,18635.749,9996.752,883.75,391.625,-985.633,1243.98,483.333,121.11,569335.107,88.4,67.451,12.266,14.42,10231.207,192.373,287.302,2082.684,5731.702,110.485,12.339,772.78,13.598,104.866,335.077,5.329,-280.91,62.57,152.7,89.94,43.28,70.98,44.59,6034.008,368880.069,3901.523,36750.033,152048.398,1644.72,67.67,100.94,28.7,25.8,51.58,27.14,15601.37,782.305,4106.56,207.59,2212.02,111.539,1518744923,3.65619E+13,60391.971,3321998.382,109.209
Austria,5505.505,2878.379,1302.56,60.38,824.6,768.079,348.375,150.5,307425.695,152.59,79.306,9.581,10.104,2730.361,137.848,4.663,722.563,1875.281,34.796,17.832,418.001,0.561,89.803,237.685,4.191,1211.12,52.03,149.48,1.48,21.88,96.55,14.14,5051.738,227419.083,71.515,17694.623,56448.039,542.441,58.5,161.44,0.54,18.25,95.12,9.2,1953.9,238.035,237.05,29.079,114.06,13.965,1271216430,1.55656E+13,18471.856,2308062.711,92.265
Azerbaijan,2503.757,939.715,1903.21,37.71,-141.803,423.176,108.521,16.51,88534.791,12.18,29.631,15.432,7.884,24.292,30.796,51.843,1035.547,1361.277,,4.476,6.469,5.882,148.488,257.852,,-295.05,7.12,0.46,14.79,36.53,91.47,,832.333,1286.772,579.088,29013.083,56562.158,,6.89,0.34,4.28,32.74,101.95,,1770.66,210.845,765.45,87.993,77.67,9.168,677908120,3.05692E+12,5998.411,742132.858,120.077
Bahamas,169.521,,605.01,2.284,,763.358,,0.93,5773.36,0.49,,,5.992,0.279,4.262,,,164.988,,24.059,1.066,,,738.237,,,1.38,0,,,1.98,,49.309,6.689,,,5558.709,,0.77,0,,,1.8,,66.17,194.406,7.29,23.052,2.22,6.978,16561417,,487.207,1702213.862,
Bahrain,926.306,429.929,2236.77,34.952,-235.617,1731.58,505.891,4.31,20371.066,2.28,142.84,33.557,5.996,0.155,7.324,,705.167,213.658,,6.564,0.554,,933.915,790.547,,-908.08,0.57,0,,14.56,7.02,,72.058,0.264,,12050.823,8241.208,,0.25,0,,8.58,6.3,,783.59,888.342,224.45,247.705,1.58,1.823,42173362,8.29911E+11,4216.186,5554206.517,265.278
Bangladesh,1562.305,1635.211,960.24,92.726,361.558,12.19,11.438,5.68,23900.55,2.07,6.565,4.924,10.259,119.442,23.039,,969.638,450.181,,0.169,1.038,,7.016,3.975,,846.44,2.29,1.08,,17.6,4.89,,301.211,1920.19,,12424.108,9255.053,,1.2,0.46,,7.86,2.81,,4092.04,30.623,1949.11,14.779,611.33,4.584,6949038495,1.15315E+13,7003.851,52441.42,24.864
Barbados,54.879,,2283.59,1.086,,205.917,,0.03,1337.103,0,17.965,,6.565,0.06,3.631,0.04,1.732,49.423,,13.302,0.242,0.13,6.537,185.707,,,0.47,0,0,0,0.62,,69.281,0.438,0.202,44.038,1219.752,,0.31,0,0,0,0.44,,97.61,355.364,60.95,222.324,1.49,5.449,22338757,1.80133E+11,228.276,843709.266,59.681
Belarus,4907.839,1761.675,1865.28,57.43,-161.612,537.092,182.169,33.58,180936.936,25.26,26.81,14.19,7.735,512.626,86.571,9.982,1289.1,2956.728,52.832,9.236,59.721,1.038,134.242,327.422,5.416,-174.02,20.29,9.38,3.91,32.56,146.08,22.11,2380.411,24922.455,408.139,26969.009,125282.639,969.284,19.65,6.69,4.21,23.63,159.56,17.48,2071.96,212.288,429.64,44.127,343.91,35.326,1216401002,4.84058E+12,11158.861,1141414.522,89.679
Belgium,12543.15,5515.311,362.95,77.552,2012.155,1469.458,518.723,462.68,790135.91,449.62,152.354,14.839,10.503,7523.718,220.784,3.241,1334.423,3386.796,74.177,22.581,975.745,0.303,127.449,336.381,6.993,1761.11,123.9,480.4,1.07,31.97,51.75,30.67,8842.713,639499.963,51.129,28972.483,111219.067,1239.456,163.72,485.61,0.4,23.49,44.42,21.24,3362.86,320.095,294.7,28.141,188.71,18.056,1546771406,2.10548E+13,34874.966,3388016.792,132.582
Belize,19.062,,440.72,0.566,,86.985,,0,420.706,0,,,7.423,,,,0.07,18.993,,,,,0.193,86.794,,,,,,0,0.05,,,,,0.444,420.257,,,,,0,0,,235.35,964.862,71.68,324.445,6.73,24.962,13647765,,71.675,288249.703,
Benin,111.668,144.316,502.93,6.578,49.54,14.046,16.267,0.28,1485.293,0.06,7.084,8.056,10.035,0.953,5.504,,0.328,104.883,,0.75,0.087,,0.029,13.179,,1632.42,0.59,0,,0,0.93,,82.94,2.053,,1.45,1390.022,,0.33,0,,0,0.27,,593.7,80.556,114.28,15.065,66.34,8.909,359416717,6.01668E+11,310.332,38799.744,23.516
Bermuda,29.212,,380.21,0.583,,488.732,,0,798.264,0,,,7.807,0.078,,,,29.136,,,1.556,,,487.181,,,,0,,,0.43,,,0.414,,,795.57,,,0,,,0,,,,,,,,4028238,,94.588,1498397.5,
Bhutan,19.191,,840.99,1.923,,28.486,,0.02,206.624,0,,,3.295,6.264,4.197,,,8.742,,6.072,9.194,,,13.214,,,0.39,0.02,,,0.01,,38.943,62.126,,,105.389,,0.09,0,,,0,,-63.57,-105.759,24.21,39.24,5.09,8.229,27899558,,351.32,541629.883,
Bolivia,530.155,379.911,1200.49,20.693,-21.906,65.78,40.03,2.07,10191.156,0.92,15.22,8.159,8.286,0.373,27.363,31.368,160.161,310.908,,3.112,0.079,4.908,17.152,40.532,,-149.32,3.71,0,11.98,2.95,3.68,,421.68,7.202,1021.212,2125.174,6607.797,,2.48,0,10.11,1.35,2.17,,3420.27,385.855,684.64,76.654,252.55,28.316,533672467,2.00576E+12,1657.988,191764.063,60.715
Bonaire Sint Eustatius and Saba,30.353,,1418.86,0.211,,2500.446,,0.13,1365.077,0,,,,,,,,30.353,,,,,,2500.446,,,,,,,0.87,,,,,,1365.077,,,,,,0.97,,,,,,,,959555,,,,
Bosnia and Herzegovina,954.781,,6758.27,23.077,,259.222,,5.33,28793.87,3.49,38.478,,5.867,755.118,11.142,0.325,24.314,163.882,,3.032,206.697,0.074,6.212,43.197,,,2.2,9.88,0.15,0.65,1.74,,229.49,23878.262,2.072,615.277,3996.568,,1.88,5.14,0,0.45,1.1,,470.88,126.153,94.61,25.012,25.76,6.857,396030652,1.51165E+12,1592.77,430665.059,73.733
Botswana,150.401,249.466,828.08,6.497,120.436,88.415,130.259,0.51,2362.864,0.19,12.947,11.637,10.026,88.076,0.256,,0.004,62.07,,0.129,54.999,,0.002,33.293,,2272.4,0.02,0.79,,0,0.55,,2.578,1555.862,,0.004,804.401,,0,0.27,,0,0.17,,1797.59,1065.998,443.41,263.292,172.96,101.908,72680474,5.98511E+11,423.79,261344.026,35.743
Brazil,16238.509,11895.076,676.97,465.28,555.326,109.951,64.029,72.79,371385.499,39.96,18.657,5.402,8.961,2420.739,772.081,437.67,1254.634,11190.141,163.245,5.104,21.184,2.495,6.596,73.697,0.881,152.23,146.69,30.13,144.48,21.76,125.27,65.28,17852.904,68967.262,7168.863,14653.338,260386.591,2356.529,123.11,16.86,61.3,8.64,80.9,38.99,42729.29,240.185,10191.58,56.46,3983.01,22.003,11112321030,8.71311E+13,97896.846,591663.069,76.7
British Virgin Islands,5.504,,638.61,0.14,,259.203,,0,97.963,0,,,12.959,,,,,5.504,,,,,,259.203,,,,,,,0,,,,,,97.963,,,,,,0,,,,,,,,1058161,,14.334,638561.454,
Brunei,360.368,178.287,18703.04,10.155,-15.977,2068.496,492.24,2.05,10747.484,1.26,,,7.552,0.004,,87.262,183.746,89.367,,,0.019,494.374,691.877,882.221,,-275.19,,0,26.59,5.73,3.39,,,0.004,3507.087,3747.8,3381.053,,,0,38.55,4.18,2.89,,493.07,1442.07,295.49,869.863,3.43,9.879,17230727,,1066.631,3362924.749,
Bulgaria,3831.211,1344.072,1154.46,37.44,-201.605,469.035,172.637,22.23,133152.63,15.69,55.905,15.03,13.831,2148.146,104.74,9.476,336.39,1206.627,25.822,12.699,267.037,1.282,41.053,143.56,3.393,-375.02,30.51,30.42,2.73,8.6,14.75,10.11,3654.554,78665.557,93.432,8471.186,41906.692,354.894,30.85,17.28,0.66,6.67,13.59,6.03,1431.59,180.83,274.23,34.42,116.78,14.734,917283038,5.43925E+12,13706.616,1659775.315,148.646
Burkina Faso,64.326,72.292,1138.43,3.968,20.633,4.863,4.858,0.14,930.303,0,3.504,3.424,9.104,,2.438,,,61.887,,0.151,,,,4.713,,1414.22,0.21,,,,0.57,,22.649,,,,907.652,,0.07,,,,0.17,,809.4,62.929,296.53,22.641,196.74,15.076,631372896,7.43138E+11,188.739,14587.967,10.401
Burundi,13.058,,719.3,0.592,,2.05,,0,272.101,0,2.309,,7.749,0.658,0.282,,,12.118,,0.028,0.102,,,1.919,,,0,0,,,0.03,,1.539,13.678,,,256.765,,0,0,,,0,,246.72,36.725,52.83,7.474,41.3,5.662,384596208,2.95986E+11,49.419,7570.007,7.184
Cambodia,158.245,221.802,1488.16,15.227,89.932,11.755,15.546,0.53,1866.982,0.09,4.857,6.021,10.396,22.213,17.399,,,118.635,,1.091,1.417,,,9.252,,2104.94,1.15,0.16,,,1.17,,70.242,82.167,,,1698.625,,0.18,0,,,0.4,,1442.39,115.615,519.02,41.167,134.31,10.661,645162515,1.13685E+12,395.621,29674.47,15.831
Cameroon,215.085,186.329,724.15,6.753,44.083,15.514,9.881,0.76,4568.514,0.39,7.15,4.182,6.813,0.273,17.544,,11.923,185.361,,1.077,0.043,,0.521,13.867,,874.24,2.11,0,,0.18,2.01,,271.249,6.82,,75.218,4197.781,,1.17,0,,0,1.23,,5156.95,307.221,387.18,22.857,1474.04,84.785,844300747,1.71757E+12,953.592,62558.153,25.967
Canada,33576.764,16581.748,1795.3,535.82,248.996,1575.762,515.195,279.85,1255511.52,227.38,114.443,13.428,8.833,9666.393,369.388,603.625,8046.75,14804.732,85.871,14.595,663.735,20.853,281.26,592.628,2.707,50.35,124.46,215.44,237.67,293.19,332.22,35.67,11612.893,553615.526,13918.676,193931.084,480951.945,1480.112,137.85,194.38,159.82,251.15,317.61,25.69,21782.21,686.622,3116.75,98.769,1253.17,39.753,2560911071,5.76849E+13,164125.631,5726903.713,185.664
Cape Verde,13.291,,521.41,0.449,,31.534,,0,232.834,0,11.35,,7.061,0.244,0.074,,,12.975,,0.3,1.313,,,29.92,,,0,0,,,0.01,,0.494,1.59,,,212.032,,0,0,,,0,,8.83,17.449,2.91,6.598,2.19,4.977,24191870,76220686814,60.497,134855.7,34.774
Central African Republic,10.547,,165.23,0.089,,3.764,,0,295.792,0,3.174,,4.913,,,,,10.547,,,,,,3.764,,,,,,,0,,,,,,295.792,,,,,,0,,1671.03,443.825,565.69,150.09,727.64,192.119,184040849,1.90223E+11,56.483,16285.27,16.274
Chad,26.057,,555.19,0.849,,3.134,,0,486.639,0,3.353,,18.131,,0.9,,,25.16,,0.061,,,,3.072,,,0.07,,,,0.17,,3.819,,,,482.819,,0,,,,0,,1207.73,120.739,527.58,52.74,263.37,27.506,451076093,4.98026E+11,39.025,5082.59,4.77
Chile,2903.058,1949.112,604.89,80.649,99.513,238.57,118.554,17.5,81882.277,12.08,27.69,6.743,11.597,901.863,55.809,78.686,307.159,1559.544,,4.757,94.211,7.771,19.788,112.046,,135.62,22.87,14.12,39.69,6.45,18.33,,1823.866,34357.462,3736.121,5349.424,36615.372,,23.96,10.15,52.99,3.98,12.16,,1253.63,80.992,373.4,23.777,179.74,11.337,1128854461,1.18369E+13,12361.886,829098.983,76.065
China,235564.016,159742.449,3524.94,10667.796,-24634.291,189.4,118.282,914.23,4163242.02,401.11,45.875,16.467,16.847,177201.989,14804.848,30.61,6113.51,32685.041,4728.012,11.086,144.192,0.031,4.541,25.667,3.884,-381.84,1500.37,1704.43,10.56,106.6,317.06,3652.57,187301.076,3260623.744,190.638,64692.479,552824.723,96507.29,751.58,603.22,3.22,43.2,141.72,3035.59,179061.84,134.005,24919.18,18.928,11448.13,8.692,98402608182,3.34E+14,742644.728,577215.35,130.289
Christmas Island,1.333,,49.98,0.011,,,,0,9.926,0,,,,,,,,1.333,,,,,,,,,,,,,0,,,,,,9.926,,,,,,0,,,,,,,,,,,,
Colombia,3399.1,2300.086,1756.73,89.079,236.196,109.217,54.626,16.8,90865.829,9.92,17.349,5.424,11.535,745.254,184.175,60.958,641.685,1767.036,,5.534,26.293,2.068,18.094,57.229,,335.13,38.23,9.49,24.65,24,24.76,,4455.892,22836.193,1939.494,13000.7,48482.966,,32.68,4.7,22.26,16.14,19.06,,7473.85,185.211,1804.98,44.076,538.84,13.18,2422848214,1.76169E+13,15271.083,422929.295,57.244
Comoros,5.301,,419.48,0.252,,10.002,,0,93.633,0,7.563,,9.489,,,,,5.301,,,,,,10.002,,,,,,,0,,,,,,93.633,,,,,,0,,11.92,20.261,5.62,9.602,1.35,2.348,27668935,33670737027,15.096,26938.766,15.81
Congo,78.479,,632.56,2.929,,27.858,,0.3,1625.596,0,7.632,,7.635,,3.481,5.751,9.257,59.994,,0.812,,3.554,2.14,21.351,,,0.29,,1.93,0.14,0.64,,26.226,,73.833,62.61,1273.668,,0.04,,1.18,0,0.36,,1007.34,293.004,221.49,62.979,74.88,21.522,164353317,6.64262E+11,342.19,96037.745,30.651
Cook Islands,2.198,,368.47,0.069,,120.593,,0,44.145,0,,,7.325,,,,,2.198,,,,,,120.593,,,,,,,0,,,,,,44.145,,,,,,0,,1.12,61.139,0.3,16.231,0,0,966009,,8.887,488448.267,
Costa Rica,255.063,320.359,379.16,7.624,129.968,73.536,75.011,0.98,5276.407,0.44,9.034,7.016,5.18,0.802,21.39,,,232.874,,5.816,0.189,,,67.534,,2025.82,2.93,0,,,2.52,,414.59,10.68,,,4848.747,,2,0,,,1.44,,254.1,67.742,115.15,28.49,46.09,11.416,205277381,1.73811E+12,1361.103,348081.249,36.81
Cote d'Ivoire,333.932,270.573,414.96,9.573,55.384,26.514,14.321,1.42,7587.249,0.72,9.195,5.094,,,,,76.661,257.269,,,,,3.763,22.753,,718.92,,,,1.29,2.78,,,,,846.374,6740.876,,,,,0.45,1.86,,665.83,38.015,413.08,25.297,93.95,5.572,787150371,2.09156E+12,,,
Croatia,1078.549,694.845,6582.54,18.793,101.31,246.086,158.052,6,32654.848,3.93,19.824,10.677,6.146,140.505,56.878,18.305,201.442,655.832,5.59,13.504,34.151,4.116,45.358,147.689,1.277,496.49,31.62,2.32,6.41,5.05,9.34,2.29,1523.344,5845.936,340.328,4366.939,20043.798,87.643,29.22,1.61,2.55,3.63,7.95,1.43,439.26,99.44,98.21,22.122,66.32,14.903,502012774,3.37746E+12,2890.17,656317.055,38.547
Cuba,1614.249,,3289.56,20.074,,163.352,,8.37,50343.129,5.43,39.845,,8.243,11.327,59.096,,41.558,1502.267,,5.993,1.255,,3.697,152.416,,,16.27,0.04,,0.66,20.34,,1871.519,475.081,,450.403,47540.075,,14.69,0,,0.22,17.19,,728.11,64.991,341.94,30.8,108.5,9.806,730413541,3.02693E+12,4656.673,432129.051,73.15
Curacao,559.29,,1373.74,1.667,,3674.763,,4.87,25559.736,3.69,,,,,,,1.032,558.258,,,,,6.383,3668.379,,,,,,0,16.44,,,,,4.252,25555.482,,,,,0,16.29,,,,,,,,9960210,,,,
Cyprus,293.026,273.804,356.05,6.232,63.127,330.812,274.238,1.27,6666.482,0.65,27.347,13.759,13.376,3.891,33.113,,0.028,254.684,1.309,37.702,4.604,,0.028,287.122,1.346,903.31,5.32,0,,0,2.8,0.53,764.913,97.334,,0.569,5778.858,23.51,4.04,0,,0,1.7,0.41,210.02,213.226,17.37,17.699,10.11,10.389,56113999,7.60893E+11,1150.497,1273999.284,74.546
Czechia,11917.743,3538.016,816.42,87.773,-163.078,1184.109,339.804,170.29,604551.443,165.77,48.137,17.567,14.592,9677.747,93.955,8.787,669.342,1420.291,47.618,9.285,966.473,0.847,64.512,138.42,4.573,-123.06,40.53,228.07,3.05,16.18,17.19,19.59,2535.777,541859.578,165.528,14185.349,44317.707,780.341,35.54,206.77,1.24,11.57,14.55,13.36,3521.29,339.073,425.31,40.96,146.52,14.102,1556838324,8.71541E+12,29271.017,2848579.626,130.187
Democratic Republic of Congo,193.191,,2342.05,2.474,,7.832,,1.34,7464.742,0.89,6.751,,3.176,45.932,14.001,,0.25,133.002,,0.518,2.763,,0.005,4.544,,,5.52,0.88,,0,1.93,,477.201,1213.421,,1.287,4390.945,,5.88,0.37,,0,1.68,,5664.25,111.141,1137.67,22.042,503.68,9.839,2914015322,2.12435E+12,1087.105,24944.854,26.791
Denmark,4082.628,1891.43,696.1,26.062,336.131,875.478,349.256,46.54,182361.558,41.52,61.846,8.909,13.275,1841.875,80.22,18.68,273.118,1853.778,14.951,16.089,440.372,3.516,50.348,362.391,2.774,738.81,40.04,46.81,6.93,5.31,26.36,6.29,3009.766,107474.982,433.93,4621.067,66541.881,274.092,49.52,42.53,3.62,2.79,24.76,4.87,1813.69,337.419,224.01,41.588,156.29,29.056,640036603,1.16876E+13,12204.653,2328263.197,86.725
Djibouti,18.908,,515.51,0.344,,44.529,,0,471.37,0,14.991,,3.522,,0.56,,,18.35,,0.595,,,,43.935,,,0,,,,0,,2.431,,,,468.938,,0,,,,0,,35.75,47.19,16.47,21.967,6.7,8.979,32685965,77546620966,173.222,285130.608,110.763
Dominica,4.815,,500.84,0.139,,67.931,,0,91.992,0,13.836,,7.856,,,,,4.815,,,,,,67.931,,,,,,,0,,,,,,91.992,,,,,,0,,8.1,114.365,1.55,21.927,0.65,9.213,4794542,19201568892,17.707,249486.09,30.896
Dominican Republic,747.72,624.223,1994.61,27.76,61.372,93.953,68.205,2.91,14948.406,1.32,17.76,8.567,9.393,57.725,51.254,,27.315,611.433,,6.454,5.958,,2.699,78.846,,308.03,7.7,0.44,,0.41,6.43,,979.84,564.327,,193.623,13209.904,,5.72,0.05,,0.09,3.7,,504.14,55.634,208.06,23.655,68.93,7.777,468023754,2.85302E+12,2273.195,266613.424,36.07
EU-27,290125.368,122930.333,2107.16,2598.101,18144.131,798.524,284.245,5336.09,14283585.1,5114.5,113.725,9.962,12.247,159880.141,5939.511,741.011,32126.433,90160.107,1278.172,14.769,482.964,1.726,75.924,220.194,2.953,520.73,3869.73,5707.48,244.73,934.77,2571.35,526.1,211956.034,10367916.25,14042.427,757737.626,2910829.746,21103.017,4202.41,5560.41,116.34,751.56,2675.4,363.05,101686.83,,13227.39,,7206.04,,,,,,
EU-28,368286.501,142662.102,644.07,2918.803,22146.992,937.775,289.103,17191.42,20445666.97,19436.1,135.437,9.944,12.268,216701.065,6459.707,1032.481,39128.935,103578.141,1386.186,14.103,615.842,2.121,80.904,221.995,2.807,554.51,4201.78,17735.32,347.41,1098.51,3036.29,570.32,234667.621,15874872.52,21993.264,908730.298,3382558.308,22844.96,4608.77,20233.52,189.7,867.39,3164.09,392.6,,,,,,,,,,,
Ecuador,1197.716,983.554,963.8,30.906,118.179,108.718,69.672,5.05,25623.132,2.53,18.404,8.116,14.255,,66.505,59.534,32.919,1038.755,,5.571,,5.244,2.978,94.922,,354.9,9.87,,21.39,1.62,12.96,,1276.243,,1363.796,569.057,22378.077,,7.03,,11.95,0.92,8.16,,2369.8,179.048,509.5,38.336,126.08,9.501,755842138,4.75729E+12,4837.933,389281.084,60.212
Egypt,6314.501,4778.062,2243.62,213.445,7.205,99.695,60.987,26.19,126449.802,12.47,21.829,7.79,12.451,133.528,528.641,20.207,1973.879,3658.245,,7.802,2.534,0.533,24.846,63.978,,18.99,82.07,1.6,5.85,34.86,49.24,,9308.826,3932.329,177.76,24792.587,87470.435,,61.78,0.77,3.58,14.44,34.29,,5834.92,77.752,1254.98,16.937,543.39,7.395,4343980489,2.20727E+13,26208.921,382954.796,71.936
El Salvador,231.867,235.974,369.6,5.853,65.431,43.341,39.244,0.98,5108.405,0.46,9.017,6.529,6.629,0.109,18.031,,,213.737,,3.327,0.027,,,40,,1172.75,2.94,0,,,2.3,,404.567,1.39,,,4702.408,,2.25,0,,,1.46,,326.2,54.833,109.85,18.528,36.9,6.242,331584304,1.53059E+12,948.847,163241.506,34.853
Equatorial Guinea,179.477,,1320.41,10.255,,190.642,,0.53,1776.223,0.11,11.41,,16.461,,,90.48,62.801,26.195,,,,97.149,59.881,33.611,,,,,25.6,0.99,0.19,,,,924.534,496.305,355.381,,,,6.18,0.24,0,,501.6,653.486,263.32,319.65,0.76,1.051,36390128,4.81049E+11,271.7,314875.727,18.75
Eritrea,17.896,,4172.37,-0.018,,6.547,,0,255.167,0,,,5.127,,1.268,,,16.624,,0.484,,,,6.063,,,0.31,,,,0.16,,12.699,,,,242.468,,0.03,,,,0,,210.76,80.241,86.8,32.667,83.52,31.72,149804442,,70.029,27184.123,
Estonia,1630.191,570.891,1819.79,10.449,2.355,1194.142,411.302,11.68,63323.723,8.93,37.884,21.772,9.843,1166.508,22.439,2.839,72.674,363.512,2.211,16.115,862.747,1.925,51.299,260.442,1.613,68.58,5.68,18,1.12,2.09,11.87,0.86,698.07,46801.065,115.722,1991.168,13685.324,31.685,5.59,11.2,1.18,1.86,12.42,0.55,544.86,391.227,40.34,28.759,35.86,25.73,190681966,1.04342E+12,2666.683,1879864.699,134.912
Eswatini,40.693,,1965.07,0.944,,47.77,,0.01,889.022,0,12.584,,8.308,20.436,,,,20.254,,,27.971,,,19.794,,,,0.26,,,0.3,,,588.455,,,300.567,,,0,,,0,,80.68,80.255,39.22,39.281,12.46,12.57,50216371,2.17528E+11,138.291,150169.028,24.555
Ethiopia,258.574,286.835,2906,14.663,88.625,3.882,3.415,0.9,4277.485,0.37,3.602,3.179,6.748,12.099,36.827,,,209.658,,0.438,0.129,,,3.313,,1386.88,3.54,0.08,,,2.11,,366.272,64.742,,,3831.592,,1.73,0,,,1.05,,3663.59,50.229,1871.49,25.239,918.31,12.425,3754569313,3.45957E+12,974.575,13679.427,13.511
Europe,531155.787,195856.534,689.99,4936.689,7870.008,903.38,267.367,18309.23,26369561.91,20280.24,148.505,10.954,14.3,284398.654,8897.596,2491.334,81893.667,151365.913,2108.631,13.043,550.312,3.448,114.116,219.575,2.878,133.87,4948.61,18867.99,838.52,2309.49,4779.14,868.71,319153.299,18830275.38,54041.561,1964369.746,5166208.518,35513.397,5407.14,20995.98,473.71,1859,4994.38,622.27,,,,,,,1.01741E+11,,1192554.09,1673106.365,
Europe (excl. EU-27),241980.704,73346.396,627.03,2344.88,-10124.629,1109.262,242.751,12980.29,12125426.23,15171.32,219.055,13.202,23.159,124670.81,2974.112,1751.886,49922.481,61828.897,832.516,10.523,702.583,5.878,168.005,219.511,2.752,-345.81,1082.64,13163.33,594.34,1379.64,2238.88,343.46,107639.498,8470254.845,40063.008,1210888.695,2282066.587,14457.144,1208.43,15437.55,358.06,1109.95,2353,260.2,,,,,,,,,,,
Europe (excl. EU-28),163819.561,53614.626,1668.07,2024.633,-14127.493,739.867,222.721,1125.1,5963344.277,849.83,336.753,15.227,72.887,67849.888,2453.92,1460.413,42919.97,48410.867,724.501,10.762,322.761,6.142,180.955,216.246,3.001,-612.95,750.54,1135.57,491.69,1215.94,1773.87,299.24,84927.904,2963298.499,32112.163,1059839.591,1810338.047,12715.199,802.11,764.41,284.67,992.21,1864.28,230.63,,,,,,,,,,,
Faeroe Islands,30.636,,372.65,0.644,,677.807,,0,780.144,0,,,23.788,0.24,,,,30.4,,,7.132,,,670.674,,,,0,,,0.41,,,3.891,,,764.839,,,0,,,0.13,,,,,,,,3021320,,97.168,2064117.401,
Fiji,49.43,,352.05,1.27,,70.638,,0.01,1275.528,0,,,5.349,1.889,2.413,,0.004,45.127,,3.313,3.4,,0.004,63.914,,,0.43,0,,0,0.66,,59.676,43.375,,0.004,1138.909,,0.48,0,,0,0.48,,18.82,22.654,23.99,29.42,9.89,12.176,46066200,,231.92,292880.964,
Finland,3191.078,2314.035,1753.3,39.256,597.537,648.276,440.14,18.33,100188.924,12.55,35.851,13.347,10.08,1247.585,48.009,2.604,236.952,1628.329,27.611,10.15,257.836,0.494,45.518,329.034,5.253,1072.63,24.07,17.05,0.84,4.99,25.06,11.45,1955.366,40941.664,41.644,4615.141,52164.031,468.925,28.09,9.87,0.28,3.11,22.62,8.07,1481.32,281.781,170.54,32.721,153.48,29.355,594473707,8.78419E+12,15991.652,3145528.009,126.022
France,38728.68,14915.197,580.24,274.509,3490.999,792.482,245.854,1203.85,2238222.909,1173.07,86.303,6.99,9.565,19032.61,694.053,169.648,3563.983,15129.766,138.631,13.072,439.553,2.925,60.733,273.906,2.28,923.53,307.52,1211.45,54.56,92.84,778.99,57.17,27162.922,1617482.47,3999.224,81705.248,504896.787,2307.709,362.57,1237.05,35.82,71.92,899.05,39.82,11467.98,190.934,1905.37,31.682,1321.05,22.068,9364851380,1.18647E+14,138694.718,2403557.385,89.639
French Equatorial Africa,2.659,,103.94,0.254,,,,0.01,11.772,0,,,,0.073,,,,2.586,,,,,,,,,,0,,,0.11,,,0.296,,,11.256,,,0,,,0.02,,,,,,,,,,,,
French Guiana,27.491,,606.11,0.725,,212.403,,0,607.156,0,,,7.012,,,,,27.491,,,,,,212.403,,,,,,,0.31,,,,,,607.156,,,,,,0,,,,,,,,8310028,,126.875,798464.97,
French Polynesia,28.78,,365.38,0.783,,139.287,,0,635.915,0,,,5.862,,,,,28.78,,,,,,139.287,,,,,,,0.28,,,,,,635.915,,,,,,0,,,,,,,,12051979,,143.244,628601.42,
French West Africa,9.765,,5861.27,1.381,,,,0.16,42.912,0,,,,1.569,0.398,,,7.798,,,,,,,,,0.41,0.03,,,0.38,,1.569,9.303,,,32.04,,0.12,0,,,0.09,,,,,,,,,,,,
Gabon,258.408,,1117.81,4.275,,261.909,,1.06,6993.916,0.73,29.902,,14.892,,3.789,131.242,19.088,104.284,,3.091,,129.809,16.072,112.937,,,0.51,,48.89,0.46,1.13,,72.818,,3496.843,373.709,3050.546,,0.37,,31.15,0.48,0.96,,-346.92,-141.086,41.76,32.783,18.62,15.212,66323331,6.9381E+11,492.236,409397.23,38.289
Gambia,13.967,,407.41,0.49,,11.832,,0,271.639,0,7.763,,8.798,,,,0.076,13.9,,,,,0.039,11.795,,,,,,0,0,,,,,0.697,270.938,,,,,0,0,,67.68,51.651,55.11,43.367,10.05,7.01,69643596,97783452027,45.687,34197.072,17.582
Georgia,659.381,252.807,1965.31,9.967,31.404,148.459,58.274,4.67,25313.573,3.58,8.476,6.961,2.841,82.64,18.466,2.767,245.241,310.274,,4.209,20.354,0.547,52.461,70.896,,784.86,4.32,1.36,1.04,9.1,17.95,,487.703,4020.734,50.372,7559.925,13131.97,,4.15,0.81,0.61,8.59,19.59,,402.74,87.555,199.72,43.868,49.23,11.172,572461127,1.77841E+12,1354.397,311597.994,53.281
Germany,92635.618,30768.186,1171.85,643.841,4516.481,1299.111,378.798,2017.97,5300530.859,1996.24,140.928,10.651,13.495,64436.179,1193.304,91.937,7007.45,19619.315,287.443,15.346,944.595,1.133,87.021,247.474,3.536,512.9,559.06,2292.59,31.88,171.62,535.15,118.44,47329.158,4463131.182,1645.009,157597.656,625238.707,4790.251,661.55,2286.03,12.44,128.04,544.86,83.02,25108.81,309.77,2288.75,28.266,1297.07,16.015,12221134710,1.62852E+14,213440.67,2672834.392,101.567
Ghana,371.321,385.781,396.54,15.367,114.43,21.341,16.686,1.55,7399.347,0.72,9.039,6.391,6.254,4.163,33.073,1.197,20.695,312.183,,1.64,0.665,0.039,0.724,18.278,,1278.16,3.95,0.08,0.28,0.28,3.49,,535.528,164.187,2.396,95.558,6505.912,,2.52,0,0.01,0.04,2.09,,1105.65,53.946,317.93,14.668,135.52,6.487,1048081772,2.38183E+12,1463.263,74901.36,34.655
Greece,4073.674,2734.504,12309.07,51.435,-45.562,397.437,252.132,19.09,103655.932,11.09,26.64,11.831,13.739,1626.463,279.996,0.42,156.543,1985.213,25.035,27.642,158.835,0.034,14.483,194.135,2.308,-53.02,61.45,18.65,0.13,2.59,23.74,10.48,8053.999,41519.714,9.193,1660.908,51905.625,437.791,56.55,8.52,0,0.84,16.68,7.56,2890.52,265.684,290.22,26.732,165.43,15.257,1138447956,1.15585E+13,15034.59,1449629.653,81.122
Greenland,33.054,,488.21,0.415,,666.151,,0,992.868,0,,,8.246,2.177,,,,30.879,,,66.979,,,599.176,,,,0,,,0.45,,,46.478,,,863.818,,,0,,,0.26,,,,,,,,3398034,,98.487,1769869.585,
Grenada,8.264,,463.53,0.286,,80.138,,0,160.707,0,,,8.362,,,,,8.264,,,,,,80.138,,,,,,,0,,,,,,160.707,,,,,,0,,57.38,553.928,50.65,489.311,0.27,2.61,6873756,,27.993,270581.374,
Guadeloupe,83.819,,402.23,2.496,,215.847,,0.31,1672.791,0,,,9.155,10.196,,,,73.625,,,25.118,,,190.733,,,,0,,,0.83,,,118.487,,,1554.307,,,0,,,0.37,,,,,,,,24662948,,260.978,658169.337,
Guatemala,444.933,446.765,3738.77,18.927,117.816,41.179,33.061,1.8,8902.921,0.82,7.337,5.078,7.623,49.755,35.232,,0.439,359.507,,3.102,3.161,,0.052,34.862,,1095.82,5.24,0.38,,0,4.02,,653.687,348.867,,4.393,7885.674,,3.73,0.02,,0,2.43,,1010.31,80.809,263.7,20.83,109.61,8.656,664724043,3.48729E+12,1524.258,125391.181,27.514
Guinea,86.233,57.328,386.64,3.234,0,11.89,6.019,0.4,1924.528,0.01,13.206,5.262,7.781,,,,,86.233,,,,,,11.89,,0,,,,,0.93,,,,,,1924.528,,,,,,0.57,,890.49,100.913,303.48,33.607,121.46,13.537,433020815,4.01873E+11,276.249,33669.521,28.432
Guinea-Bissau,10.094,,574.17,0.282,,9.076,,0,237.062,0,7.156,,7.893,,,,,10.094,,,,,,9.076,,,,,,,0,,,,,,237.062,,,,,,0,,101.98,78.542,33.17,25.359,18.57,14.217,71619060,81965047483,41.025,33529.444,25.165
Guyana,100.593,,282.19,1.954,,138.432,,0.64,2930.469,0.44,,,10.579,0.034,0.842,,,99.716,,1.08,0.073,,,137.28,,,0.05,0,,,1.35,,2.632,0.143,,,2925.617,,0,0,,,1.19,,640.82,850.682,98.72,131.056,30.62,40.685,49703873,,218.125,288138.518,
Haiti,76.219,,655.62,2.803,,9.679,,0.24,1564.48,0,5.73,,7.45,0.947,4.292,,,70.978,,0.63,0.147,,,8.899,,,0.86,0,,,0.81,,106.264,6.754,,,1407.542,,0.68,0,,,0.53,,201.91,22.471,109.63,12.329,37.8,4.241,476079228,7.20147E+11,262.68,30871.716,16.504
Honduras,256.321,254.782,382.72,9.357,58.014,42.808,33.427,1.11,4863.822,0.43,13.079,8.653,7.31,5.495,20.07,,,230.757,,3.165,0.712,,,38.937,,928.62,2.66,0,,,2.5,,363.307,57.767,,,4426.258,,1.79,0,,,1.33,,1362.31,200.53,214.91,31.261,73.65,10.48,344687047,1.0967E+12,928.707,137452.009,38.596
Hong Kong,1620.292,3172.131,4771.76,31.22,2001.052,272.256,478.343,6.65,35930.535,3.33,12.777,12.775,9.812,779.316,32.889,,127.887,680.2,,5.954,121.075,,18.431,126.797,,5365.45,6.77,7.2,,2.18,8.1,,879.855,13841.386,,1498.528,19710.768,,5.69,2.22,,0.81,6.27,,,,,,,,381300908,9.42327E+12,9548.052,1527281.986,51.278
Hungary,5010.791,2199.359,1009.21,48.053,496.023,511.326,218.025,60.25,227295.55,55.53,53.552,14.612,13.146,2611.952,89.081,12.671,1014.897,1259.124,23.063,8.71,276.864,1.232,99.402,122.836,2.285,894.93,33.29,67.75,5.49,28.7,20.43,9.6,3318.596,156065.888,387.364,25098.123,41962.976,407.783,37.59,61.6,4.59,23.31,17.76,7.2,1931.57,190.621,235.59,23.244,169.67,16.739,1535853274,8.91976E+12,15328.092,1491845.377,119.844
Iceland,151.823,,20164.46,2.904,,595.731,,0.71,4174.447,0.54,26.837,,5.671,19.238,2.75,4.068,0,125.672,0.089,11.767,70.297,13.396,0.017,499.965,0.285,,0.75,0.04,1.28,0,1.67,0,77.55,382.436,55.517,0.087,3624.466,1.039,0.67,0,0.38,0,1.31,0,88.91,305.902,15.23,52.288,10.92,37.576,19054439,4.49187E+11,1557.486,5511386.602,162.711
India,54416.494,38611.386,1009.43,2440.27,-2924.989,56.231,32.767,257.21,1089895.302,142.68,25.007,9,14.145,35250.943,2475.324,166.232,2348.804,14175.18,,2.303,37.961,0.194,2.007,13.769,,-189.43,338.96,382.29,69.7,41.74,221.11,,38396.643,761981.083,4810.298,29724.098,254972.029,,230.82,175.64,45,17.84,157.7,,53209.94,46.947,16380.03,14.884,5365.61,4.815,86423610381,1.75E+14,182071.683,172398.248,80.844
Indonesia,14399.956,10723.201,2531.2,589.498,-338.328,76.688,45.8,66.99,293619.355,36.2,18.976,6.129,15.761,3737.105,672.876,493.652,2440.016,7056.314,,3.029,17.387,2.651,12.082,41.531,,-158.86,78.89,32.39,168.67,78.85,179.97,,10311.736,47613.871,12437.652,47173.579,175612.567,,44.69,9.79,114.02,54.86,158.21,,53385.09,240.084,9858.37,45.441,2230.6,10.101,14683805151,6.26919E+13,49453.769,227851.008,51.772
International transport,42242.539,,224.42,875.838,,,,196.33,1063272.33,111.75,,,,,,,,42242.539,,,,,,,,,,,,,521.83,,,,,,1063272.33,,,,,,372.12,,,,,,,,,,,,
Iran,18914.444,12775.327,6084.31,744.896,-895.668,367.434,178.97,90.5,417375.64,48.57,34.54,14.408,17.263,213.621,516.431,1929.561,7019.11,9235.713,,8.131,4.217,44.558,101.46,209.076,,-194.16,64.59,2.38,743.66,129.62,204.65,,8664.044,5420.611,57606.11,90825.944,254858.93,,41.2,1.02,719.82,60.61,172.74,,15349.74,219.995,2923.52,42.185,846.06,12.285,3955762565,3.28292E+13,68665.291,1063768.083,104.55
Iraq,4656.529,,1711.86,223.992,,235.623,,20.43,97035.593,10.21,38.176,,23.106,0.201,124.422,706.011,421.673,3404.234,,6.728,0.013,38.085,16.929,173.859,,,22.81,0,228.91,9.09,47.87,,3151.569,4.315,16954.609,6183.163,70736.414,,19.07,0,177.9,5.45,29.85,,3156.4,121.702,325.33,12.692,117.41,4.687,1368008609,8.68826E+12,13379.293,571367.884,101.435
Ireland,2224.064,1513.283,2899.31,26.676,298.807,617.946,370.614,15.38,74334.077,10.41,47.742,10.023,13.743,877.415,71.839,0.1,294.153,963.354,17.197,19.22,263.164,0.026,71.606,259.738,4.199,713.29,18.42,15.97,0.04,5.85,11.2,7,1908.682,41545.047,2.007,4919.551,25682.569,276.215,16.52,10.94,0,3.2,8.21,4.71,1702.03,423.401,429.66,107.382,267.24,66.993,701201260,6.82287E+12,7248.023,1914744.113,98.485
Israel,2379.696,2161.423,1914.26,56.312,430.816,465.741,334.61,9.96,53551.838,5.11,25.521,12.394,13.778,785.729,84.691,,183.822,1325.453,,19.222,125.94,,24.137,296.438,,768.27,20.5,7.15,,2.81,16.07,,2161.47,13133.822,,1359.211,36897.34,,19,2.08,,0.8,12.12,,1983.4,311.591,246.14,39.971,53.46,8.574,334859143,6.77017E+12,9193.547,1670799.954,72.679
Italy,24739.054,16469.684,3304.94,303.788,3468.04,451.08,282.527,174.2,834223.438,136.44,29.094,8.65,12.092,4710.805,942.906,94.449,5355.673,13495.14,140.082,17.08,97.212,1.624,92.722,240.016,2.403,810.36,340.42,106.37,32.37,138.77,238.24,58.43,33570.838,252718.595,1671.576,114315.105,429524.051,2423.279,387.64,96.82,12.61,103.53,224.26,41.75,12031.34,207.171,1366.74,23.536,664.93,11.478,7073088279,9.85253E+13,96912.559,1695794.087,72.092
Jamaica,452.853,289.37,448.53,7.156,17.744,189.427,106.476,2.07,12488.066,1.27,31.357,15.566,8.607,6.413,14.474,,0.845,431.126,,6.068,2.433,,0.288,180.646,,204.77,3.02,0,,0,5.06,,382.751,102.41,,2.122,11996.963,,2.69,0,,0,3.85,,297.77,111.19,27.44,10.308,13.09,4.901,160027838,8.92453E+11,1327.913,510891.264,95.135
Japan,65625.165,43373.052,2408.15,1030.759,6434.436,576.76,340.41,399.67,2051064.33,284.52,44.387,9.791,11.941,23755.653,1982.514,15.262,6834.273,32745.068,292.395,16.966,230.774,0.124,54.139,272.464,2.298,521.72,569.46,366.6,4.99,143.9,421.75,120.37,63908.054,908230.496,264.811,118800.193,954975.865,4879.573,604.6,250.69,2.08,85.07,347.31,84.69,31811.53,249.636,783.14,6.157,639.36,5.024,12366610865,1.99423E+14,266010.147,2172190.76,89.221
Jordan,701.302,728.905,549.72,25.316,172.704,145.654,115.575,2.6,12815.508,1.1,22.155,14.189,8.734,6.327,54.1,,89.851,551.031,,12.292,0.673,,11.731,120.96,,934.46,7.98,0.04,,1.44,5.57,,1106.78,30.818,,790.673,10887.241,,5.76,0,,0.36,2.88,,680.74,117.111,160.2,30.406,22.84,3.811,269134744,1.96529E+12,2360.331,455432.185,98.191
Kazakhstan,13908.239,5144.526,1944.89,291.303,-1523.276,1031.217,314.231,86.86,453932.648,61.97,42.557,21.702,12.087,9177.084,120.59,523.523,1202.318,2805.76,78.97,8.869,711.081,32.44,74.342,199.692,4.81,-688.72,40.65,130.62,173.39,28.3,78.41,31.02,4314.759,326119.838,9007.011,22783.368,90627.239,1073.464,44.65,76.85,69.73,19.51,77.95,17.56,6448.77,400.529,1020.55,63.622,286.14,17.865,1474333744,9.42E+12,23264.028,1427714.95,124.454
Kenya,467.027,454.587,346.29,15.237,141.637,19.823,11.763,2.08,10812.931,1.11,11.915,5.02,6.554,25.766,50.04,,,391.227,,1.852,0.963,,,17.017,,1268.31,7.59,0.1,,,4.73,,984.17,480.986,,,9347.777,,5.93,0,,,3.22,,1426.14,46.721,738.98,20.827,352.04,9.94,1656457942,3.2344E+12,1733.644,55246.579,25.144
Kiribati,2.084,,420.44,0.06,,26.688,,0,48.566,0,,,10.017,,,,,2.084,,,,,,26.688,,,,,,,0,,,,,,48.566,,,,,,0,,1.54,16.549,0.48,5.267,0.01,0.088,4522380,,5.665,64494.788,
Kosovo,105.637,,11.43,0.504,,,,0.28,730.827,0.04,,,2.694,78.545,3.189,,,23.9,,,,,,,,,0.22,0.56,,,0.21,,19.684,553.075,,,158.068,,0.05,0.08,,,0,,,,,,,,,,241.924,,
Kuwait,2877.516,1801.199,1923.08,85.193,-242.731,1821.244,699.934,12.05,62822.865,6.12,51.403,18.809,14.257,,31.677,284.675,1010.767,1550.399,,13.567,,368.345,501.726,937.613,,-292.57,4.06,,123.99,23.45,17.07,,556.862,,13177.321,19033.521,29959.319,,2.54,,174.05,16.11,8.87,,1791.11,715.087,114.51,48.215,14.47,5.808,116923126,5.0489E+12,11326.962,5641933.753,79.031
Kuwaiti Oil Fires,477.925,,0,,,,,2.06,477.925,0.06,,,,,,26.82,,451.104,,,,,,,,,,,10.02,,4.65,,,,26.82,,451.104,,,,0.32,,0.16,,,,,,,,,,,,
Kyrgyzstan,861.764,343.468,1900.48,11.507,104.132,269.656,65.989,6.48,34938.501,4.98,21.599,16.191,2.566,409.49,32.205,5.554,86.731,327.787,,8.633,141.349,1.514,21.382,96.775,,1344.43,9.06,6.86,2.18,2.98,12.5,,1060.866,18440.103,60.529,2710.21,12504.483,,9.28,4.63,0.89,2.67,13.28,,415.55,82.423,120.72,24.261,43.24,8.592,404317019,8.20964E+11,1657.07,325691.22,112.791
Laos,178.02,160.185,1003.28,33.826,23.555,27.896,24.673,0.45,1297.43,0.04,6.419,5.149,3.721,109.677,13.2,,,55.146,,1.965,15.585,,,10.352,,1511.71,0.91,0.76,,,0.53,,79.176,343.124,,,875.132,,0.21,0.03,,,0.14,,771.27,136.564,280.42,50.477,94.45,16.905,279177104,6.8683E+11,644.954,108255.766,36.454
Latvia,950.272,420.193,1800.33,6.771,149.495,408.508,185.455,7.23,39449.406,5.82,14.802,12.586,6.879,152.303,16.03,1.559,155.241,623.09,2.057,7.117,67.006,0.619,66.161,266.749,0.852,1843.34,3.75,2.88,0.62,4.97,31.05,0.89,441.883,7895.707,63.864,4312.329,26687.823,46.764,3.62,2,0.65,4.41,33.95,0.95,40.95,14.515,66.53,28.468,47.42,20.636,354254316,1.40549E+12,1857.148,791233.674,56.361
Lebanon,733.437,,3511.4,25.93,,192.917,,3.03,15602.561,1.5,24.991,,9.49,15.112,72.158,,0.579,645.59,,19.36,3.276,,0.118,170.159,,,15.5,0.08,,0.01,7.15,,1576.057,219.282,,0.674,13796.324,,13.74,0,,0,4.27,,544.45,120.579,59.97,13.444,14.49,3.325,255173398,2.12249E+12,2019.789,496217.707,44.698
Leeward Islands,0.179,,103.1,0.016,,,,0,0.672,0,,,,0.037,,,,0.144,,,,,,,,,,0,,,0,,,0.142,,,0.501,,,0,,,0,,,,,,,,,,,,
Lesotho,63.981,,50.52,0.712,,32.134,,0.31,935.785,0,14.465,,33.071,49.525,,,,14.456,,,24.898,,,7.236,,,,0.44,,,0.08,,,736.221,,,199.565,,,0.1,,,0,,112.76,57.326,44.21,22.427,19.46,9.907,61491021,1.19268E+11,67.265,33621.677,14.641
Liberia,52.523,,529.65,0.964,,25.797,,0.15,1693.775,0,12.386,,7.93,,2.368,,,50.152,,0.904,,,,24.892,,,0.37,,,,0.58,,52.932,,,,1640.847,,0.43,,,,0.53,,466.28,167.079,100.32,31.88,24.21,7.704,162375396,3.02363E+11,140.445,56657.562,89.486
Libya,2136.288,,1245.2,50.574,,476.319,,8.66,48556.901,4.43,65.811,,9.358,1.136,72.659,392.325,441.352,1228.832,,15.12,0.756,123.722,81.461,255.26,,,10.78,0,139.72,8.86,12.44,,1564.422,32.545,13183.807,7469.362,26273.351,,7.58,0,150.19,4.91,6.75,,3095.41,559.377,1834.7,335.034,43.61,7.773,271125716,2.61874E+12,6552.98,1274219.264,62.66
Liechtenstein,6.109,,-28.86,-0.058,,180.921,,0,103.47,0,,,,0,,,1.646,4.466,,,0.031,,47.758,133.133,,,,0,,0,0,,,0.017,,24.863,78.584,,,0,,0,0,,1.18,33.867,0.54,16.127,0.27,8.062,1062447,,,,
Lithuania,1557.842,731.533,1837.13,13.791,256.276,489.372,220.033,11.55,62991.717,9.01,18.127,15.353,6.2,184.864,47.068,12.327,289.584,1020.593,3.421,14.321,61.482,3.734,87.415,321.427,0.996,1682.67,13.86,3.59,4.36,9.66,52.41,1.47,1700.998,9435.479,371.972,8217.528,43188.824,74.142,14.17,2.51,3.62,8.61,57.2,1.46,634.84,186.785,124.8,36.73,118.6,35.255,461149942,2.02469E+12,3716.774,1087376.555,83.036
Luxembourg,753.684,471.577,12782.65,8.146,160.801,1974.1,965.421,4.69,27581.788,3.38,81.408,18.578,14.425,358.058,19.856,0,73.649,299.997,2.124,47.84,1055.749,0,163.421,702.603,4.479,1583.21,4.59,6.37,0,1.58,3.35,0.9,538.088,18055.272,0.019,1444.978,7510.594,32.834,3.95,4.11,0,1.05,2.37,0.54,296.13,651.304,15.39,33.981,7.74,16.962,29897002,9.81435E+11,2278.101,5534853.346,167.074
Macao,56.564,,510.84,1.248,,138.815,,0.17,1169.538,0,,,,0.273,1.012,,1.81,53.467,,1.749,1.336,,3.102,132.626,,,0.08,0,,0,0.5,,2.859,5.176,,10.716,1134.514,,0,0,,0,0.29,,,,,,,,23483960,,,,
Madagascar,96.772,92.039,8732.28,3.68,29.975,7.666,4.766,0.46,2256.465,0.07,4.973,3.595,7.362,13.447,2.295,,,81.034,,0.183,0.788,,,6.695,,1498.12,0.4,0.08,,,0.93,,53.526,164.769,,,2037.807,,0.53,0,,,0.62,,1760.61,107.1,543.18,32.386,247.38,14.741,917963483,1.1348E+12,307.651,19436.007,18.199
Malawi,50.699,67.173,207.09,1.16,36.753,6.334,5.161,0.05,1385.34,0,7.86,4.872,5.463,12.324,3.417,,,34.967,,0.396,2.051,,,3.888,,3593.16,0.78,0.09,,,0.43,,85.26,454.493,,,845.581,,0.66,0,,,0.19,,472.23,38.797,205,16.645,67.67,5.317,610249423,5.53669E+11,220.704,19823.326,19.45
Malaysia,6071.963,4659.721,2359.41,272.822,-370.15,271.989,177.242,23.43,103040.613,9.9,31.683,11.09,13.533,1137.53,263.391,287.266,1731.651,2652.133,,11.026,47.865,12.833,66.245,134.022,,-201.59,31.29,9.47,94.8,31.1,33.86,,4197.707,13441.977,5429.675,22801.393,57023.526,,18.6,2.62,44.72,13.28,22.08,,6498.47,274.461,1085.38,44.233,259.4,10.553,1439872344,1.42038E+13,25286.261,1044298.009,84.281
Maldives,24.913,,743.93,1.795,,67.526,,0.01,278.116,0,,,11.179,,,,,24.913,,,,,,67.526,,,,,,,0.19,,,,,,278.116,,,,,,0,,21.67,62.479,2.01,6.208,0.42,1.246,13752766,,89.076,257561.262,
Mali,63.32,,520.7,3.348,,5.011,,0.15,965.111,0,3.991,,8.026,,2.231,,,61.086,,0.147,,,,4.863,,,0.19,,,,0.49,,15.647,,,,944.879,,0.01,,,,0.17,,873.03,70.53,405.93,32.465,257.53,20.704,616506033,6.70132E+11,210.374,16461.555,16.888
Malta,104.588,140.459,247.78,1.351,67.316,276.408,346.495,0.36,2596.436,0.25,27.322,15.883,6.534,6.41,,,2.643,95.515,0.022,,17.972,,6.009,252.356,0.057,3032.89,,0.08,,0.04,1.08,0,,212.936,,6.397,2373.944,0.433,,0,,0,0.8,0,74,185.878,5.6,14.029,1.46,3.672,25530560,3.28699E+11,588.047,1476019.292,78.601
Marshall Islands,3.419,,70.51,0.076,,62.306,,0,45.518,0,,,,,,,,3.419,,,,,,62.306,,,,,,,0,,,,,,45.518,,,,,,0,,2.8,52.267,0.78,14.672,0,0,1672449,,,,
Martinique,88.273,,444.15,2.301,,241.007,,0.4,1971.382,0.07,,,9.953,,,,,88.273,,,,,,241.007,,,,,,,0.98,,,,,,1971.382,,,,,,0.48,,,,,,,,24001771,,276.689,731126.912,
Mauritania,75.634,,1146.77,3.348,,29.543,,0.18,1457.708,0,15.106,,9.037,0.441,,,,75.195,,,0.276,,,29.268,,,,0,,,0.75,,,7.365,,,1440.742,,,0,,,0.34,,265.97,92.517,145.65,50.04,68.4,23.459,138760429,2.75663E+11,290.238,110609.912,55.968
Mauritius,115.76,134.683,419.36,3.779,41.509,101.584,111.401,0.31,2135.723,0.14,8.323,6.939,6.56,30.743,,,,85.021,,,25.633,,,75.953,,1538.32,,0.21,,,0.97,,,373.647,,,1760.015,,,0,,,0.52,,120.86,100.133,38.24,31.808,6.74,5.672,69233865,7.44128E+11,480.095,404775.549,29.98
Mayotte,6.518,,161.57,0.24,,34.638,,0,81.414,0,,,,,,,,6.518,,,,,,34.638,,,,,,,0,,,,,,81.414,,,,,,0,,,,,,,,5601621,,,,
Mexico,20075.006,13446.166,814,356.449,736.215,292.843,126.871,114.27,563554.404,76.41,51.533,9.638,14.127,1496.72,672.51,503.559,4171.958,13230.261,,7.707,21.105,7.725,45.85,210.441,,165.43,122.04,17.38,242.12,120.07,384.3,,15050.893,37618.879,16030.914,84175.21,409165.906,,98.09,9.07,269.86,89.63,385.3,,15538.02,149.479,3096.15,29.85,1029.51,10.04,6369776321,5.85895E+13,71764.386,778676.292,70.23
Micronesia,,,,,,,,,,,,,,,,,,,,,,,,,,,,,,,,,,,,,,,,,,,,,3.79,,1.12,,0.54,,,,,,
Micronesia (country),3.719,,53.16,0.045,,,,0,53.38,0,,,,,,,,3.719,,,,,,,,,,,,,0,,,,,,53.38,,,,,,0,,,,,,,,3105480,,,,
Moldova,1379.225,,1746.71,5.136,,394.313,,11.14,62408.519,9.18,22.539,,4.033,403.45,35.549,3.591,197.265,739.35,,9.152,126.973,0.889,48.599,208.7,,,9.69,7.74,1.42,6.84,36.18,,1214.697,21291.776,39.495,6247.184,33509.697,,9.78,5.51,0.6,6.42,39.87,,397.33,93.861,108.34,25.703,29.76,7.047,437161981,9.88891E+11,998.503,237946.65,87.355
Mongolia,787.438,505.559,711.71,88.157,-41.302,320.61,181.494,2.85,12414.285,1.09,104.356,30.462,10.504,667.325,5.731,,,114.377,,2.457,263.98,,,54.167,,-234.31,0.83,5.93,,,1.28,,110.961,9582.718,,,2720.602,,0.54,1.67,,,0.94,,1462.66,579.354,303.13,119.502,255.52,101.036,134157294,5.54972E+11,1528.259,652861.09,220.898
Montenegro,103.626,,6692.37,2.476,,177.192,,0.63,3025.066,0.38,26.317,,1.813,72.982,,0.034,,30.605,,,126.305,0.057,,50.827,,,,0.85,0,,0.4,,,2296.877,0.218,,721.425,,,0.48,0,,0.03,,-19.49,-31.381,21.79,35.169,4.46,7.196,68715306,2.79023E+11,146.259,234400.537,14.45
Montserrat,1.619,,460.85,0.022,,250.757,,0,36.862,0,,,9.427,,,,,1.619,,,,,,250.757,,,,,,,0,,,,,,36.862,,,,,,0,,,,,,,,513139,,5.57,908367.154,
Morocco,1737.601,1475.081,962.44,64.51,181.064,65.056,47.679,7.06,34948.91,3.31,13.913,7.99,14.678,447.407,168.211,,32.37,1089.605,,6.313,16.521,,1.036,41.184,,501.14,29.14,4.41,,0.59,11.76,,3405.374,8217.102,,370.633,22952.59,,23.29,1.5,,0.13,6.86,,1534.45,50.13,353.56,11.778,201.93,6.738,1759274861,7.18377E+12,5925.781,212731.488,40.324
Mozambique,177.094,236.238,2201.48,6.527,149.558,13.393,10.312,0.93,5181.101,0.61,7.56,9.6,4.176,44.236,14.968,,12.876,105.007,,0.958,5.192,,0.46,6.784,,5681.83,3.52,0.78,,0.16,1.19,,331.94,1914.513,,60.72,2493.799,,3.44,0.52,,0.01,0.75,,1737.41,91.252,425.87,22.138,298.54,15.606,1135849654,1.41897E+12,1207.653,59730.327,83.518
Myanmar,611.492,,1600.66,33.165,,16.612,,3.47,15453.198,2.03,7.844,,,52.99,17.291,5.386,164.536,371.286,,0.383,1.45,0.16,3.43,11.188,,,2.3,0.59,1.65,3.15,10.46,,275.15,1341.856,201.954,2397.067,11215.63,,1.67,0.09,2.26,1.57,9.45,,5068.11,106.526,1799.27,37.569,522.2,10.889,2945386655,5.46609E+12,,,
Namibia,76.038,137.994,159.54,2.823,65.832,37.079,66.166,0.29,935.531,0,4.58,8.102,4.885,3.448,3.161,,,69.433,,1.335,1.753,,,33.99,,2299.65,0.22,0.01,,,0.63,,15.116,49.92,,,869.758,,0.04,0,,,0.18,,538.94,287.58,145.84,77.928,108,57.778,60891724,4.1931E+11,343.175,176055.26,26.509
Nauru,4.867,,105.66,0.028,,560.159,,0,151.064,0,,,7.47,,,,,4.867,,,,,,560.159,,,,,,,0,,,,,,151.064,,,,,,0,,2.24,220.091,0,0,0,0,509393,,16.676,1749678.017,
Nepal,165.881,217.836,807.37,16.934,81.159,6.657,8.308,0.49,1965.988,0.1,3.043,3.628,7.523,45.118,23.628,,,97.139,,0.872,1.787,,,3.992,,1770.74,1.75,0.33,,,0.9,,154.737,499.781,,,1311.468,,0.48,0.02,,,0.26,,1474.04,61.969,654.85,26.726,164.42,6.72,1271966270,1.90445E+12,491.803,20087.539,12.996
Netherlands,11739.968,5441.353,576.67,135.229,335.377,967.305,337.772,153.03,494872.633,138.78,75.897,8.998,9.903,3840.109,56.44,29.15,3876.089,3901.219,36.963,4.362,428.167,1.798,253.321,277.378,2.28,193.55,29.64,136.37,9.34,104.3,119.98,15.03,2600.539,255576.799,456.056,99658.705,135481.787,586.6,34.17,133.82,3.49,86.83,124.06,10.06,5499.81,342.53,641.94,40.21,331.12,20.767,1585062304,3.13155E+13,49581.065,3261856.688,113.878
New Caledonia,157.007,,538.5,8.475,,908.709,,0.76,3816.045,0.5,,,8.517,59.379,1.651,,,95.973,,8.271,367.083,,,533.36,,,0.26,0.67,,,1.04,,34.494,1414.624,,,2365.468,,0,0.11,,,0.6,,,,,,,,11621903,,380.037,1786693.873,
New Zealand,1886.566,1070.983,506.65,33.121,70.404,677.397,260.734,16.51,69184.578,13.81,47.576,9.102,8.11,626.897,33.491,29.65,326.037,846.968,23.529,10.609,331.084,7.155,84.268,238.553,5.718,206.85,14.09,14.88,9.13,7.23,10.6,9.56,1157.461,37771.999,433.129,6673.116,22777.933,362.442,15.78,14.09,3.25,4.74,7.89,5.99,1584.74,392.403,893.99,223.458,401.14,100.352,318454351,6.10234E+12,9833.921,2654214.482,117.785
Nicaragua,177.396,150.037,3018.78,5.063,30.272,41.815,27.329,0.74,4095.117,0.44,12.817,8.512,7.76,,8.773,,,168.623,,1.976,,,,39.838,,762.06,1.42,,,,1.87,,180.927,,,,3914.191,,1.2,,,,1.23,,986.76,192.798,202.28,38.06,70,13.172,276496314,8.51867E+11,593.156,118734.752,42.778
Niger,46.523,,514.64,1.662,,4.387,,0.1,925.123,0,4.615,,8.395,11.967,0.891,,,33.657,,0.103,1.08,,,3.2,,,0.05,0.03,,,0.22,,23.488,235.761,,,665.879,,0,0,,,0.05,,758.72,58.649,440.5,32.817,185.17,13.797,614925268,5.15942E+11,161.428,13934.795,17.231
Nigeria,3914.993,2307.891,1419.75,125.445,-222.989,36.477,15.654,16.4,87990.221,8.61,15.215,4.737,11.443,70.407,130.414,1258.533,712.877,1742.757,,0.988,1.813,13.473,5.233,14.969,,-220.95,15.62,1.62,422.34,13.83,17.81,,1964.968,4770.366,28470.322,10702.722,35053.855,,9.92,1.37,271.8,7.22,9.51,,10929.56,83.544,2959.27,22.748,772.39,5.773,7803174701,1.93079E+13,9326.118,76745.072,19.525
Niue,0.292,,269.88,0.008,,142.739,,0,6.349,0,,,12.098,,,,,0.292,,,,,,142.739,,,,,,,0,,,,,,6.349,,,,,,0,,0.85,425,0,0,0,0,126901,,0.736,349345.462,
North America,477801.969,208155.404,7991.95,5775.159,6778.499,1688.956,413.363,5612.14,21096571.71,5057.03,137.18,12.401,12.128,186969.062,4060.241,3467.715,89871.056,191967.146,1466.754,11.101,882.896,8.7,233.274,549.018,3.946,97.42,4925.23,4774.82,1705.85,10000.8,8305.93,6757.9,139869.895,10916660.46,104241.468,2830492.867,7058660.692,46646.333,5667.18,4535.72,2035.89,11106.74,9003.41,7782.78,,,,,,,41407205781,,1484132.852,5111658.092,
North America (excl. USA),61078.901,33258.137,1862.43,1062.387,-191.406,561.071,155.878,433.25,2025434.08,327.73,92.357,10.802,10.88,11318.893,1315.057,1213.907,13316.227,33828.946,85.871,7.942,211.224,7.679,74.495,259.323,0.411,-18.51,296.85,234.21,526.15,443.49,818.68,35.67,33024.692,593262.549,35443.547,297186.865,1065036.323,1480.112,277.88,203.75,477.13,361.54,789.27,25.69,,,,,,,,,,,
North Korea,5049.469,,3810.1,29.168,,283.292,,28.35,178791.339,20.05,43.714,,13.183,4593.312,193.724,,,262.428,,10.288,259.304,,,13.708,,,51.97,62.24,,,3.1,,6034.871,164052.929,,,8240.065,,46.75,33.34,,,2.55,,2847.01,124.874,526.68,22.986,109.68,4.898,1641499174,1.2214E+12,8843.317,414127.209,207.34
North Macedonia,636.096,,6577.68,8.358,,345.146,,3.75,21400.437,2.53,43.517,,9.707,416.339,18.118,0.211,5.572,195.847,,9.625,231.094,0.106,2.689,101.631,,,5.38,5.81,0.11,0.05,2.42,,561.413,14690.667,1.322,48.146,6052.139,,5.35,3.21,0,0,1.99,,326.64,160.29,64.43,31.619,18.29,9.006,192398378,9.80254E+11,920.704,450729.443,47.822
Norway,2632.393,828.609,1282.78,41.264,72.372,669.562,167.403,28.26,104022.843,25.04,56.637,2.083,4.74,633.317,61.903,108.644,412.917,1405.11,10.504,15.152,208.376,23.921,88.493,331.411,2.21,162.44,27.73,21.5,39.16,8.57,31.95,4.23,2354.648,46455.217,2340.871,7377.094,45338.974,156.032,32.57,22.31,19.55,5.06,30.73,2.63,756.14,164.358,152.13,33.001,112.31,24.479,550435282,1.22703E+13,23449.521,5283391.454,159.285
Oceania,20977.072,11067.735,881.27,444.116,-1217.165,939.702,327.38,139.58,648671.795,103.33,64.998,11.858,13.584,10919.58,229.928,316.955,2420.702,6955.907,134.012,9.561,587.631,9.186,75.419,253.945,3.955,-306.66,77.38,168.28,99.06,50.82,85.48,54.17,7287.62,408153.718,4342.33,43553.028,183268.475,2007.159,84.16,115.38,31.97,30.57,62.11,33.16,,,,,,,2447849554,,,,
Oman,1251.112,1040.258,1836.06,62.153,-17.943,462.518,335.654,4.24,17815.816,1.4,26.179,12.328,12.278,,37.632,130.563,797.99,284.923,,12.336,,80.873,251.644,117.666,,11.44,3.63,,42.1,13.58,2.69,,457.828,,3446.112,8821.968,5089.906,,1.64,,32.53,5.08,1.18,,1028.15,360.898,104.6,39.617,12.57,4.649,119401502,2.73492E+12,5982.066,2140465.585,108.986
Pakistan,5162.293,4220.893,878.09,234.122,215.285,38.953,25.685,20.11,95513.401,8.8,14.166,6.4,11.683,736.974,302.267,24.761,1855.214,2243.079,,2.181,6.329,0.294,12.915,17.228,,166.69,40.8,7.65,10.31,38.79,23.56,,5055.848,15077.964,224.127,31223.825,43224.134,,28.49,2.95,3.27,23.04,12.43,,7618.93,49.05,2739.57,17.708,1146.34,7.405,7633107336,2.32301E+13,22064.271,160539.967,54.281
Palau,10.567,,499.75,0.209,,685.616,,0,278.849,0,,,,,,,,10.567,,,,,,685.616,,,,,,,0,,,,,,278.849,,,,,,0,,4.08,220.212,0.45,24.469,0,0,969223,,,,
Palestine,59.438,,172.16,2.041,,15.865,,0.21,742.082,0,3.125,,5.714,,,,,59.438,,,,,,15.865,,,,,,,0.53,,,,,,742.082,,,,,,0.15,,,,,,,,111566540,4.82695E+11,165.05,42285.117,10.145
Panama,309.25,317.663,2329.52,10.763,116.318,115.328,86.973,1.26,6685.615,0.64,15.468,5.908,3.002,9.733,19.931,,2.291,277.296,,7.075,2.731,,0.617,104.908,,976.21,3.11,0.06,,0.02,3.09,,385.881,84.874,,5.676,6179.11,,2.52,0,,0,1.98,,579.17,179.705,123.66,38.851,34,10.685,167452707,1.56827E+12,2506.314,843690.285,99.181
Panama Canal Zone,14.762,,300.36,0.834,,,,0.08,150.564,0,,,,,,,0.052,14.712,,,,,,,,,,,,0,0.27,,,,,0.325,149.216,,,,,0,0.16,,,,,,,,,,,,
Papua New Guinea,169.498,,543.2,6.594,,30.332,,0.62,3285.265,0.31,,,7.485,0.056,,,11.971,157.476,,,0.014,,1.679,28.64,,,,0,,0.18,1.61,,,0.385,,129.836,3153.916,,,0,,0,0.86,,1924.86,313.075,367.61,59.412,126.38,20.65,322351467,,614.554,104068.278,
Paraguay,177.912,210.924,581.31,7.505,73.087,35.719,36.042,0.61,3313.264,0.27,6.548,5.277,1.843,0.052,9.67,,,168.194,,1.905,0.008,,,33.808,,1629.51,1.32,0,,,1.73,,179.882,0.209,,,3133.155,,0.78,0,,,0.87,,3702.04,655.631,700.57,125.611,248.55,45.316,280509349,1.48395E+12,4486.951,822499.098,164.755
Peru,1941.857,1251.437,1457.06,44.711,155.739,115.241,44.607,12.73,60169.854,8.77,25.763,5.688,11.404,115.686,111.785,87.683,236.297,1390.401,,4.937,8.943,3.575,9.516,88.256,,421.64,21.84,1.8,26.2,9.98,43.98,,2352.735,4343.5,1543.641,3314.472,48383.311,,18.26,1.12,13.16,4.87,42.79,,3307.54,121.432,690.94,25.437,221,8.165,1726579754,1.00783E+13,7934.38,340282.453,67.003
Philippines,3390.274,3007.465,3160.86,136.088,614.825,50.22,34.792,13.94,72244.274,6.98,11.989,6.744,13.535,816.349,236.059,,129.539,2208.331,,3.339,9.075,,1.343,36.461,,847.13,36.83,6.41,,2.06,25.7,,4619.293,8651.484,,1187.264,57781.729,,28.56,1.29,,0.58,18.38,,3742.36,45.431,1559.56,18.943,306.09,3.717,4635882850,1.89993E+13,12892.834,180959.09,43.71
Poland,27863.879,9230.14,3563.45,299.184,-875.552,858.321,241.072,463.83,1311553.742,441.89,85.475,17.215,16.723,23016.542,415.752,110.671,1185.019,2992.728,143.16,11.758,725.389,2.895,32.081,82.463,3.737,-257.37,123.3,599.52,35.09,48.49,107.88,58.55,13681.383,1184121.24,1599.155,28218.316,81531.26,2309.474,127.81,528.8,11.67,39.24,107.22,39.78,9652.69,251.847,1427.63,37.245,627.48,16.37,5238242922,2.86074E+13,64246.007,1754664.609,190.708
Portugal,2614.597,1966.241,2002.24,40.37,280.388,273.038,190.409,18.65,79551.63,14.38,30.24,8.212,11.367,650.351,159.363,18.226,212.26,1548.989,25.408,16.064,76.401,1.76,20.404,155.956,2.461,491.63,38.34,13.52,5.39,3.52,22.67,10.28,4380.005,30473.158,204.404,2370.917,41740.591,382.566,35.25,12,1.42,1.25,17.98,6.34,1954.41,189.17,326.04,31.592,102.16,9.911,1158903451,1.11698E+13,10981.508,1087192.186,65.215
Puerto Rico,0.209,,0,,,0.145,,0.01,0.209,0,,,,,,,,0.209,,,,,,0.145,,,,,,,0.06,,,,,,0.209,,,,,,0.01,,,,,,,,220585745,4.14136E+12,3341.441,954287.204,32.779
Qatar,2094.573,1070.362,3529.83,106.395,-635.763,3288.008,983.634,7.46,33346.6,2.87,85.796,30.606,28.238,,35.445,168.549,1557.287,333.293,,31.776,,1028.487,1660.414,567.338,,-1003.06,3.32,,65.62,28.82,3.36,,397.04,,4551.308,20922.963,5772.779,,1.54,,58.61,13.7,1.52,,1193.61,1073.556,98.55,91.324,16.32,12.653,48123983,4.18561E+12,9302.255,10480613.86,184.472
Reunion,123.872,,587.91,4.566,,168.588,,0.36,2138.66,0.15,,,10.015,40.531,,,,83.338,,,49.556,,,119.035,,,,0.27,,,0.78,,,450.266,,,1688.394,,,0.01,,,0.38,,,,,,,,41137464,,345.562,476479.964,
Romania,8493.291,2842.038,1385.95,71.477,-155.982,411.882,131.907,60.36,329497.048,46.06,147.355,14.76,13.427,2528.214,261.096,28.78,2872.034,2767.252,35.925,12.266,120.388,1.336,134.799,141.409,1.686,-121.72,75.6,35.54,9.79,173.3,179.25,14.58,8957.16,91627.791,509.114,106247.235,121476.37,569.145,78.47,20.47,3.82,173.24,186.06,9.77,2906.23,129.03,886.36,40.624,284.27,13.034,2550157710,1.01488E+13,28400.284,1300529.383,194.964
Russia,115344.148,39171.849,1884.91,1576.841,-10737.827,861.513,269.054,762.41,4080456.16,563.42,61.402,18.109,8.217,45132.882,1636.982,1161.176,34157.493,32715.047,540.574,11.961,354.568,8.093,239.409,243.78,3.702,-643.5,484.89,745.25,382.88,958.92,1203.21,222.87,56438.172,1955481.02,24017.223,828144.756,1206791.043,9438.953,503.23,492.85,210.17,775.43,1259.64,171.59,69251.04,475.164,21225.52,145.867,1973.32,13.531,17079865795,1.09E+14,359606.131,2490119.507,154.434
Rwanda,28.68,18.925,754.86,1.014,0,3.861,2.107,0,617.439,0,2.777,1.622,7.566,0.03,1.574,0.024,0.27,26.786,,0.164,0.006,0.005,0.024,3.665,,0,0.09,0,0,0,0.21,,17.933,0.101,0.077,1.231,596.376,,0,0,0,0,0,,175.99,24.074,70.82,8.527,35.92,4.143,442035819,5.62429E+11,113.817,14850.767,16.019
Ryukyu Islands,20.892,,1087.38,8.985,,,,0.13,85.67,0,,,,0.062,0.818,,,20.015,,,,,,,,,0.3,0,,,0.35,,3.164,0.33,,,82.026,,0.08,0,,,0.1,,,,,,,,,,,,
Saint Helena,0.38,,194.43,0.003,,64.363,,0,6.863,0,,,14.441,,,,,0.38,,,,,,64.363,,,,,,,0,,,,,,6.863,,,,,,0,,,,,,,,321570,,1.057,184027.407,
Saint Kitts and Nevis,6.341,,160.19,0.157,,135.602,,0,99.726,0,,,9.671,,,,,6.341,,,,,,135.602,,,,,,,0,,,,,,99.726,,,,,,0,,7.6,163.158,2.02,44.239,0.47,10.235,1821523,,21.914,472641.924,
Saint Lucia,14.365,,668.08,0.439,,93.212,,0,270.045,0,16.376,,10.076,,,,,14.365,,,,,,93.212,,,,,,,0,,,,,,270.045,,,,,,0,,21.28,133.743,10.08,65.41,0.99,6.31,9241291,47908377908,42.285,267459.165,40.191
Saint Pierre and Miquelon,3.683,,253.69,0.041,,624.86,,0,115.32,0,,,5.439,0.496,,,,3.186,,,99.75,,,525.108,,,,0,,,0,,,8.532,,,84.983,,,0,,,0,,,,,,,,411953,,18.279,3046323.687,
Saint Vincent and the Grenadines,6.967,,571.47,0.205,,65.507,,0,130.251,0,,,8.448,,,,,6.967,,,,,,65.507,,,,,,,0,,,,,,130.251,,,,,,0,,6.72,61.997,1.89,17.454,0.36,3.331,6940693,,24.652,228356.804,
Samoa,6.787,,526.76,0.243,,39.359,,0,141.233,0,,,6.311,,,,,6.787,,,,,,39.359,,,,,,,0,,,,,,141.233,,,,,,0,,-13.11,-80.41,6.99,39.107,1.29,7.216,10874983,,29.333,166355.715,
Sao Tome and Principe,3.365,,456.56,0.109,,24.448,,0,68.86,0,9.577,,7.734,,,,,3.365,,,,,,24.448,,,,,,,0,,,,,,68.86,,,,,,0,,4.82,29.82,0.84,5.703,0.39,2.442,8151514,19362225114,13.053,87313.983,40.119
Saudi Arabia,15936.374,11839.887,3006.82,630.167,-489.669,849.089,469.215,60.64,293134.033,26.06,35.83,15.499,12.671,,531.616,902.888,4759.168,9742.699,,22.424,,114.451,204.619,507.6,,-175.27,56.25,,294.51,90.38,103.26,,7328.284,,34633.286,70312.185,175432.127,,29.14,,401.68,45.12,49.32,,10283.89,426.851,933.12,40.026,129.85,5.728,1088672218,2.84666E+13,68476.781,3461092.169,136.551
Senegal,243.3,205.004,896.95,10.095,31.065,26.713,17.448,0.94,4788.481,0.42,11.43,7.576,9.179,18.251,37.77,,1.061,186.221,,3.519,1.293,,0.093,21.803,,608.53,4.29,0.13,,0,2.01,,541.479,125.758,,15.331,4096.941,,2.73,0,,0,1.17,,745.73,69.921,251.63,23.698,177.82,16.649,511713482,1.07067E+12,697.35,70401.976,34.839
Serbia,2734.451,,6637.65,47.947,,318.775,,15.65,85743.407,10.48,43.914,,6.104,2051.865,28.921,0.941,193.957,458.779,,3.529,242.772,0.1,21.235,51.137,,,12.71,27.51,0.45,4.94,5.15,,521.427,67955.858,5.997,4539.458,12151.602,,10.09,14.73,0.08,3.78,3.83,,1385.67,147.728,339.82,36.37,123.99,13.333,855996815,3.95434E+12,4798.442,516105.84,66.964
Seychelles,13.377,,644.23,0.486,,159.958,,0,229.511,0,13.083,,3.838,,,,,13.377,,,,,,159.958,,,,,,,0,,,,,,229.511,,,,,,0,,15.94,183.938,2.04,24.038,0.19,2.365,4282037,49929501794,104.64,1252278.688,77.835
Sierra Leone,36.098,,613.98,0.723,,9.236,,0.04,1098.975,0,6.848,,6.013,0.865,,,,35.234,,,0.392,,,8.841,,,,0,,,0.46,,,9.119,,,1042.88,,,0,,,0.52,,311.9,58.248,108.28,19.803,33.14,6.027,291817189,3.52799E+11,125.792,26473.251,21.416
Singapore,2157.027,3244.805,972.42,43.59,1764.458,623.406,743.074,9.01,51063.88,4.78,38.895,17.855,7.82,20.663,,,334.118,1802.251,,,7.137,,67.069,549.2,,3817.06,,0.19,,5.49,19.76,,,388.56,,3354.651,47280.366,,,0,,1.76,13.62,,1406.36,329.471,62.18,13.954,199.67,46.442,219721164,7.10871E+12,21124.365,5116827.363,261.068
Sint Maarten (Dutch part),67.709,,1411.39,0.427,,10510.974,,0.55,3051.151,0.48,,,,,,,,67.709,,,,,,10510.974,,,,,,,2.01,,,,,,3051.151,,,,,,1.92,,,,,,,,1423194,,,,
Slovakia,3869.879,1450.34,825.96,30.668,203.929,898.017,268.929,54.88,194630.06,53.3,19.032,16.578,13.3,2658.739,59.049,0.72,496.812,622.373,32.189,12.184,661.879,0.138,94.624,123.228,5.968,522.59,22.92,67.79,0.28,13.19,7.54,13.23,1466.218,160820.371,12.123,11852.852,19581.82,520.077,19.9,64,0,10.3,6.47,8.83,1058.08,196.474,146.99,27.304,72.08,13.385,609133439,3.07049E+12,10818.475,2093895.634,80.636
Slovenia,851.103,568.463,6600.62,13.933,102.517,453.786,281.302,4.76,25825.663,3.02,24.481,12.277,5.936,368.716,27.773,4.486,67.142,378.491,4.501,14.998,203.406,2.22,33.817,197.117,2.233,666.55,9.59,5.19,1.46,1.58,4.47,1.88,916.278,12926.02,72.342,1414.615,10371.162,80.556,9.92,2.95,0.51,1.12,3.32,1.4,295.26,146.552,64.16,31.894,23.99,11.925,203587631,2.23175E+12,2360.125,1168005.588,48.212
Solomon Islands,10.438,,591.07,0.293,,27.87,,0,212.587,0,,,11.044,,,,,10.438,,,,,,27.87,,,,,,,0,,,,,,212.587,,,,,,0,,61.08,138.695,8.27,18.408,0.66,1.47,21599855,,27.366,70189.184,
Somalia,32.892,,466.06,0.514,,4.703,,0,892.683,0,,,7.113,,0.103,,,32.787,,0.013,,,,4.688,,,0,,,,0.42,,0.545,,,,889.528,,0,,,,0.34,,1115.68,116.597,496.17,51.35,181.02,18.868,495879610,,133.521,16093.24,
South Africa,21164.301,8800.899,1347.87,451.936,-3603.241,706.75,184.193,129.05,634706.66,88.81,76.463,20.77,18.404,18354.029,251.284,,187.579,2371.398,,7.824,627.372,,3.78,67.774,,-868.82,76.41,236.74,,3.3,28.43,,7385.247,560656.916,,2396.281,64267.867,,73.5,130.76,,1.36,21.17,,11130.26,236.909,1159.01,25.206,529.94,11.521,2916106233,1.8574E+13,54407.505,1379860.993,146.047
South America,43288.717,27784.65,15791.11,994.157,337.862,166.525,74.866,228.42,1159179.943,142.2,26.143,6.281,10.45,4764.539,1602.705,2326.199,7844.285,26587.742,163.245,5.519,29.512,10.108,24.339,96.604,0.439,23.42,359.84,70.44,1227.33,235,396.7,65.28,39495.71,170746.028,80343.758,157540.112,708697.81,2356.529,322.5,48.61,1599.05,175.65,305.94,38.99,,,,,,,23231549283,,,,
South Korea,18335.706,16500.095,15540.69,597.596,1631.077,396.197,340.803,68.46,333767.046,28.69,28.621,12.919,13.46,8073.523,935.994,0.117,1955.101,7168.373,202.592,20.367,174.832,0.001,39.58,157.26,4.152,366.55,130.83,75.34,0.06,32.81,71.69,79.08,18772.58,140557.577,0.362,21625.887,150183.796,2615.919,87.61,24.26,0,11.7,38.11,42.2,13062.92,271.425,729.24,15.356,314.83,6.602,3313795256,4.37656E+13,84930.047,1799833.425,99.061
South Sudan,38.352,,409.17,1.133,,5.89,,0.01,788.265,0,,,1.462,0.106,,,,38.244,,,0.04,,,5.85,,,,0,,,0.28,,,1.825,,,781.106,,,0,,,0.1,,,,,,,,392367940,,28.186,2688.432,
Spain,14853.332,9600.33,1745.53,208.906,950.872,393.542,221.525,115.3,476403.125,92.05,38.554,7.961,11.37,4836.666,697.279,80.157,1586.097,7545.429,107.699,17.942,147.515,1.82,35.964,187.811,2.494,324.1,198.42,103.24,25.14,35.98,102.33,44.37,21451.359,227538.476,1097.652,22440.527,201771.942,1750.082,203.32,86.87,8.01,18.18,80.06,29.39,8191.36,189.995,1038.81,24.188,572.36,13.397,4939678530,5.45867E+13,63883.451,1544900.336,80.048
Sri Lanka,500.28,559.217,316.41,19.476,198.038,28.567,28.066,2.11,10289.813,1.04,6.25,3.667,12.719,56.391,24.079,,,419.814,,1.33,3.33,,,23.914,,1672.24,3.55,0.56,,,4.69,,466.465,875.363,,,8926.523,,2.71,0.04,,,2.88,,793.75,41.248,317.01,16.772,70.09,3.636,1099630910,5.36903E+12,2062.14,110889.492,24.812
St. Kitts-Nevis-Anguilla,0.624,,229.29,0.042,,,,0,6.238,0,,,,,,,,0.624,,,,,,,,,,,,,0,,,,,,6.238,,,,,,0,,,,,,,,,,,,
Sudan,446.154,,444.61,18.36,,19.358,,1.79,8726.655,0.76,9.648,,6.898,1.283,19.745,,,425.121,,0.683,0.193,,,18.483,,,2.17,0,,,4.58,,242.769,21.603,,,8399.302,,1.37,0,,,2.63,,3787.17,129.603,1223.68,41.344,654.49,22.362,1411558819,3.04017E+12,1553.163,54506.159,19.981
Suriname,115.205,,293.5,2.01,,272.971,,0.59,3242.841,0.43,,,7.679,1.38,1.281,0.036,0.15,112.359,,2.951,3.876,0.061,0.291,265.788,,,0.16,0,0,0,1.28,,33.532,15.142,0.165,1.561,3142.476,,0,0,0,0,1.11,,192.45,397.17,38.93,79.662,7.39,15.182,28544041,,364.573,801093.115,
Sweden,4987.957,2446.659,1158.01,38.593,871.374,643.352,267.854,61.05,239478.3,56.26,55.802,7.476,5.939,1503.425,110.614,17.104,70.225,3267.416,19.16,13.714,224.99,1.834,7.666,393.064,2.088,1687.93,1676,47.94,5.23,1.36,75.71,7.84,4678.349,107565.598,226.448,1163.903,125539.672,304.33,1670.03,49.03,1.6,0.72,77.38,5.12,1191.93,131.149,185.2,20.536,143.82,15.881,1165378993,1.82497E+13,32671.592,3741307.91,139.059
Switzerland,3022.788,3240.892,850.52,32.152,1953.455,507.257,430.766,32.52,128143.413,29.61,30.267,8.825,7.48,591.651,136.549,1.23,223.856,2062.713,6.79,21.324,145.04,0.166,30.412,309.396,0.914,4609.48,53.04,22.86,0.42,4.7,50.83,2.85,4972.256,52778.606,20.087,4160.758,66078.767,115.4,57.6,25.39,0.17,2.89,49.76,2,1361.31,184.989,148.74,20.283,64.26,8.755,782018199,1.83334E+13,16956.811,2440997.265,68.301
Syria,1867.936,,2417.87,30.532,,137.323,,7.67,42607.097,3.78,18.929,,8.773,0.628,72.465,87.724,293.897,1413.237,,6.07,0.076,6.513,16.901,107.76,,,15.02,0,34.49,5.47,15.09,,1949.147,23.156,2186.363,4479.567,33966.942,,12.95,0,18.47,2.55,9.4,,1997.52,117.567,776.02,46.716,117.37,6.946,859074347,5.44303E+12,6907.354,441750.157,89.336
Taiwan,9046.737,7380.756,2345.59,273.174,411.646,450.473,327.745,38.1,186288.19,18.84,42.673,11.198,12.511,4510.11,397.362,,733.354,3363.324,42.594,19.67,234.132,,33.044,161.709,1.911,269.45,71.88,45.18,,15.31,34.7,17.59,10142.344,87509.239,,9925.463,77972.068,737.449,57.46,17.37,,8.15,20.89,12.97,,,,,,,1496977889,2.36745E+13,39231.298,1807868.088,84.017
Tajikistan,489.61,,1965.67,9.451,,148.724,,3.65,20008.456,2.91,11.797,,1.207,123.734,18.476,2.088,83.492,261.823,,3.57,43.687,0.527,19.19,81.737,,,3.7,1.97,0.81,3.08,12.91,,396.799,5461.51,23.127,2863.178,11202.471,,3.39,1.35,0.34,3.04,14.25,,261.91,40.046,105.89,15.908,40.76,6.047,448853946,8.2565E+11,1608.004,241145.794,127.872
Tanzania,243.845,298.678,375.37,10.442,128.964,8.375,6.906,0.99,4903.449,0.5,7.198,3.998,6.336,12.121,25.154,0.075,23.133,183.366,,0.662,0.343,0,0.479,6.879,,2161.25,2.78,0.05,0,0.35,2.14,,347.763,144.47,0.686,181.382,4222.431,,1.59,0,0,0.09,1.32,,8246.79,228.897,1461.31,39.285,664.14,17.928,1812243322,2.50871E+12,894.908,25263.673,16.352
Thailand,7364.299,6229.329,2233.71,257.748,-6.251,118.649,95.783,26.6,123879.354,10.29,13.646,8.055,12.87,1373.764,481.816,,1678.236,3830.478,,7.927,21.165,,25.491,64.063,,71.1,66.09,11.63,,29.3,38.6,,9035.403,18818.395,,20717.485,75308.073,,44.08,2.9,,11.76,19.9,,8234.73,127.869,2082.47,32.525,500.59,7.83,3789942356,2.64454E+13,32940.893,522270.142,63.806
Timor,6.542,,147.71,0.367,,5.657,,0,49.815,0,,,3.374,,,0.287,,6.255,,,,0.244,,5.413,,,,,0.08,,0,,,,0.574,,47.806,,,,0,,0,,,,,,,,21225040,,17.401,15653.27,
Togo,66.131,112.772,757.59,2.164,63.338,14.388,18.232,0.2,1314.017,0,11.058,13.84,11.268,,20.227,,0.524,45.38,,3.918,,,0.069,10.404,,3458.55,2.46,,,0,0.45,,342.514,,,2.085,968.114,,1.49,,,0,0.25,,338.31,63.563,73.02,13.51,37.53,6.968,266417833,3.12614E+11,183.153,35756.014,27.407
Tonga,4.386,,422.48,0.136,,45.48,,0,92.356,0,,,8.261,,,,,4.386,,,,,,45.48,,,,,,,0,,,,,,92.356,,,,,,0,,4.51,46.272,2.71,27.362,1.46,14.661,6188292,,15.597,157915.28,
Trinidad and Tobago,1569.557,591.042,1224.56,35.482,-391.284,1503.924,449.315,9.87,44976.99,6.27,58.064,19.555,12.046,0.234,12.73,106.686,1022.242,427.679,,10.653,0.333,94.531,816.832,581.567,,-1134.63,2.38,0,46.33,29.02,26.46,,316.688,2.822,1527.742,18349.576,22103.917,,2,0,19.98,19.97,25.99,,549.75,422.514,26.09,20.1,8.2,6.316,96395400,1.34264E+12,6124.241,4899737.798,299.313
Tunisia,901.511,673.405,1677.67,28.131,11.68,102.675,66.511,3.68,18842.465,1.75,17.55,7.942,9.085,14.599,106.139,9.55,258.438,512.788,,11.777,2.671,0.973,25.549,61.706,,120.12,17.07,0.13,3.16,4.76,5.72,,2110.631,455.393,157.786,3560.982,12338.45,,12.61,0,1.19,2.21,3.75,,826.35,82.509,157.79,15.85,80.29,8.046,621733608,3.28275E+12,2802.804,298089.458,41.624
Turkey,10839.787,9180.139,1133.81,392.638,986.43,185.012,133.321,46.71,220105.084,23.79,22.687,8.991,14.665,4461.376,847.576,5.373,1662.906,3726.611,135.95,13.587,82.114,0.081,22.897,64.386,1.947,423.69,119.53,49.11,1.83,27.72,39.34,53.28,15344.03,101096.645,92.555,18000.304,83753.063,1818.49,84.46,21.87,0.72,9.67,23.84,29.8,7311.2,109.236,1088.42,16.532,761.79,11.587,4777506987,3.81603E+13,39101.485,619155.222,50.22
Turkmenistan,2434.766,,2014.54,75.331,,739.809,,13.19,65371.074,8.39,56.752,,8.47,80.198,36.653,6.058,1354.212,957.639,,11.428,48.33,2.109,327.612,350.335,,,9.16,1.68,2.34,34.5,46.17,,1049.974,2639.946,69.099,26587.14,32759.036,,9.14,0.93,1.05,24.63,48.86,,2263.38,478.159,913.45,194.142,80.98,17.305,326223004,1.75888E+12,7026.121,1502376.056,200.011
Turks and Caicos Islands,3.932,,209.78,0.175,,135.816,,0,43.763,0,,,8.844,,,,,3.932,,,,,,135.816,,,,,,,0,,,,,,43.763,,,,,,0,,,,,,,,818727,,11.042,365970.849,
Tuvalu,0.276,,103.23,-0.003,,27.777,,0,4.454,0,,,,,,,,0.276,,,,,,27.777,,,,,,,0,,,,,,4.454,,,,,,0,,0.52,53.572,0.27,27.695,0,0,313587,,,,
Uganda,105.596,124.353,444.08,4.788,50.028,5.166,4.056,0.36,2101.1,0.07,3.729,2.63,5.551,,7.488,,,98.103,,0.345,,,,4.819,,2386.61,1.11,,,,1.1,,133.907,,,,1967.193,,0.92,,,,0.63,,1496.81,55.768,528.35,19.111,274.2,10.219,1287858210,1.6958E+12,409.269,15845.169,12.553
Ukraine,30559.163,8047.84,1805.41,213.816,-2200.573,662.769,167.831,221.75,1213334.824,172.65,44.255,21.719,7.677,16962.372,396.737,168.646,6241.998,6677.744,111.661,8.353,377.891,3.466,128.466,142.264,2.33,-593.21,126.48,279.96,61.29,192.93,259.41,46.29,14763.48,741623.669,5009.398,176765.945,273152.442,1987.725,133.68,184.55,47.72,169.28,278.43,35.94,12224.65,251.978,3099.93,63.763,633.81,13.134,5999625142,1.61E+13,62166.236,1273765.041,158.975
United Arab Emirates,4695.478,4479.947,5411.54,150.262,708.135,1827.055,873.392,16.91,81065.762,6.84,44.538,16.556,22.64,75.602,155.328,416.947,2848.583,1199.022,,36.208,8.49,711.865,687.152,383.344,,534.78,16.29,0.51,137.73,52.75,11.4,,2115.851,436.418,17018.937,40289.772,21204.778,,8.28,0.06,182.92,24.87,4.98,,4074.14,884.925,789.08,168.207,110.93,24.176,195321454,1.0195E+13,26049.005,6891825.171,45.916
United Kingdom,78161.148,19731.769,438.35,320.23,4002.862,1690.651,324.005,11855.23,6162081.87,14321.57,176.447,9.858,12.414,56820.913,520.191,291.475,7002.509,13418.032,108.012,9.367,1323.975,4.954,116.63,233.954,1.762,794.03,332.11,12027.82,102.68,163.65,464.98,44.22,22650.029,5506956.26,7727.344,150992.612,471587.083,1741.944,393.04,14673.18,70.54,115.89,481.04,29.58,17487.48,290.728,2626.73,44.027,1026.39,17.14,9146452620,1.29559E+14,135854.212,2318248.155,96.445
United States,416723.088,174897.27,1074.99,4712.518,6969.906,2180.042,600.006,5178.99,19071137.63,4729.49,140.987,12.747,12.403,175650.185,2745.185,2253.809,76554.828,158138.196,1380.881,12.348,1122.367,9.234,322.223,707.97,5.888,121.67,4628.37,4540.65,1179.72,9557.36,7487.15,6722.21,106845.202,10323397.91,68797.919,2533305.997,5993624.364,45166.223,5389.31,4332.18,1558.7,10745.31,8214.12,7757.09,165734.57,576.64,19142.54,67.038,7073.97,24.679,26228918247,6.78965E+14,1248242.833,4785388.846,132.095
Uruguay,371.229,269.732,1812.91,5.762,91.183,124.081,80.869,2.13,12210.063,1.28,12.024,5.396,4.527,4.092,20.459,,2.65,344.033,,7.04,1.614,,0.792,114.635,,1478.4,9.81,0.03,,0,5.2,,727.19,226.67,,30.348,11208.932,,9.95,0,,0,4.55,,425.35,127.452,570.2,172.686,200.01,60.561,247839907,2.48555E+12,1682.106,518209.982,45.061
Uzbekistan,6310.345,,1931.57,112.771,,384.474,,37.81,197886.61,26.09,30.399,,7.42,553.223,165.757,33.29,3805.503,1752.584,,10.058,50.368,2.104,180.369,141.59,,,46.28,9.96,12.75,110.43,114.28,,5335.276,25143.596,382.458,89478.737,76557.026,,47.46,6.99,5.76,88.21,125.7,,5697.63,223.024,2605.15,100.857,292.94,11.269,1768216274,6.37E+12,18482.985,745690.304,159.91
Vanuatu,4.751,,356.28,0.141,,30.573,,0,114.231,0,,,7.402,0.155,,,,4.596,,,2.064,,,28.508,,,,0,,,0,,,0.548,,,105.625,,,0,,,0,,16.75,82.39,11.05,54.742,3.78,18.683,9579498,,17.205,97557.251,
Venezuela,7854.694,3993.383,104006.06,84.594,-668.994,502.656,154.044,44.31,233539.509,27.6,47.025,10.053,11.636,37.648,155.678,1385.794,2339.729,3935.845,,8.599,2.669,122.775,126.444,242.171,,-410.93,34.14,0.46,885.92,86.35,68.93,,4220.208,1297.018,57379.439,62208.897,108370.869,,30.36,0.25,1365.65,74.29,52.43,,8801.41,352.32,2066.12,82.401,339.82,13.459,1431447388,1.81846E+13,33310.627,1565458.259,166.956
Vietnam,3977.276,3201.712,1119.67,254.086,196.806,57.1,36.493,17.82,72625.031,9.21,17.808,8.434,15.655,1818.601,566.587,0.796,296.446,1294.841,,6.489,29.769,0.012,3.303,17.524,,198.01,53.35,20.26,0.5,4.68,13.46,,5307.036,40573.061,1.019,2676.521,24039.394,,26.54,9.86,0.01,1.32,7.27,,3965.57,46.236,1914.41,23.107,508.35,6.154,5324103107,1.15069E+13,13995.515,172337.563,62.038
Wallis and Futuna,0.508,,90.72,0.012,,,,0,5.293,0,,,,,,,,0.508,,,,,,,,,,,,,0,,,,,,5.293,,,,,,0,,,,,,,,263138,,,,
World,1696524.172,1407952.483,871.77,34797.92,0,400.301,259.33,27100,62777441.49,27100,7.556,4.303,13.304,788362.041,43163.195,17792.751,245231.882,592621.162,7725.986,7.762,220.212,3.536,45.107,122.051,1.179,0,14100,27100,7100,13900,16600,3100,966970.002,36955846.52,518417.153,5957013.328,18185038.88,114846.746,14100,27100,7100,13900,16600,1934.71,1119238.91,174.717,208933.68,32.845,73193.96,11.491,5.85203E+11,6.18E+14,5500334.304,979707.886,110.153
Yemen,624.651,,6743.87,9.712,,45.468,,2.7,14217.322,1.34,14.592,,8.173,4.712,22.83,,14.052,583.064,,1.301,0.185,,0.557,43.43,,,2.78,0,,0.2,6.75,,385.403,33.185,,108.228,13690.497,,1.54,0,,0.06,4.31,,671.5,34.363,167.18,8.572,74.44,3.93,903707759,3.16259E+12,2209.55,134368.911,41.741
Zambia,247.985,164.368,143.03,4.241,68.247,45.506,12.943,1.58,8811.255,1.11,29.225,6.29,2.836,117.53,16.395,,,114.06,,1.935,29.074,,,14.493,,2269.31,3.02,1.98,,,1.33,,340.783,5576.618,,,2893.856,,2.6,1.22,,,1.05,,12365.48,1117.582,2815.89,252.871,775.95,72.114,561507192,1.08462E+12,1352.089,141330.638,92.007
Zimbabwe,779.382,385.584,612.1,10.419,23.72,133.418,31.799,5.82,29364.695,4.35,48.129,17.092,8.985,610.149,20.957,,,148.274,,2.535,113.714,,,17.183,,247.72,5.11,9.54,,,1.86,,577.75,24755.444,,,4029.129,,4.59,6.14,,,1.33,,1827.53,151.876,296.52,24.495,170.07,14.06,694332096,1.06452E+12,1838.176,166206.903,70.978
